smiles,molecule_chembl_id,pIC50,standard_value,label,MW,AlogP,HBD,HBA
C#C[C@@]1(N)CCCN(c2cnc(-c3ccc(F)c(F)c3)cc2Cn2cnc3c(N)ncnc32)C1,CHEMBL6036306,6.279840697,525,1,460.492,2.7279,2,8
C=CC(=O)Nc1cc(NC(=O)Nc2ccc3nnsc3c2)cc(C(=O)OC)c1,CHEMBL5402134,5.091514981,8100,0,397.416,3.2464,3,7
C=CC(=O)Nc1ccc(-c2cc(Cn3cnc4c(N)ncnc43)c(N3CCCC(N)(CC(F)F)C3)cn2)cc1,CHEMBL5801097,6.279840697,525,1,533.587,3.5962,3,9
CC#CC(=O)N1CCC2(CC1)CN(C1=C(Cl)C(=O)c3cccnc3C1=O)C2,CHEMBL5424751,6.119186408,760,1,383.835,1.8587,0,5
CC#CC(=O)N1CCC2(CC1)CN(C1=C(Cl)C(=O)c3ncccc3C1=O)C2,CHEMBL5403046,5.605548319,2480,0,383.835,1.8587,0,5
CC#CC(=O)NC12CC(NC3=C(Cl)C(=O)c4cccnc4C3=O)(C1)C2,CHEMBL5415704,6.602059991,250,1,355.781,1.3152,2,5
CC#CC(=O)NC12CC(NC3=C(Cl)C(=O)c4ncccc4C3=O)(C1)C2,CHEMBL5422549,6.638272164,230,1,355.781,1.3152,2,5
CC#CC(=O)NC1CN(C2=C(Cl)C(=O)c3cccnc3C2=O)C1,CHEMBL5401066,6.508638306,310,1,329.743,0.7347,1,5
CC#CC(=O)NC1CN(C2=C(Cl)C(=O)c3ncccc3C2=O)C1,CHEMBL5435611,6.229147988,590,1,329.743,0.7347,1,5
CC#CC(=O)NCCC1CCN(C2=C(Cl)C(=O)c3cccnc3C2=O)CC1,CHEMBL5412710,5.76700389,1710,0,385.851,2.1526,1,5
CC#CC(=O)NCCC1CCN(C2=C(Cl)C(=O)c3ncccc3C2=O)CC1,CHEMBL5401031,6.30980392,490,1,385.851,2.1526,1,5
CC(=C(F)F)[C@@]1(N)CCCN(c2cnc(-c3ccc(F)c(F)c3)cc2Cn2cnc3c(N)ncnc32)C1,CHEMBL5815873,6.279840697,525,1,512.515,4.2652,2,8
CC(=O)N(C)C1CCN(c2cc(F)cc(NC(=O)c3cc4c(F)ccc(C)c4[nH]3)c2)C1,CHEMBL5073608,8.15490196,7,1,426.467,4.06382,2,3
CC(=O)N1CCC(N2C[C@@H]3C[C@@H](C2)c2ccc(-c4ccccc4CN4CCOCC4)c(=O)n2C3)CC1,CHEMBL5406103,6.050609993,890,1,490.648,2.7775,0,6
CC(=O)N1CCC(N2C[C@H]3C[C@@H](C2)c2ccc(-c4ccccc4CN4CCOCC4)c(=O)n2C3)CC1,CHEMBL4876215,3.096910013,800000,0,490.648,2.7775,0,6
CC(=O)N1CCC(Nc2cccc3c(S(=O)(=O)NCc4ccccc4)cccc23)CC1,CHEMBL4851472,5.124938737,7500,0,437.565,3.7411,2,4
CC(=O)N1CCN([C@H]2CCC[C@@H](NC(=O)c3cc4c(F)ccc(C)c4[nH]3)C2)CC1,CHEMBL5095235,7.744727495,18,1,400.498,2.82052,2,3
CC(=O)c1ccc(-c2cc(NC(=O)Nc3ccc4nnsc4c3)cc(C(F)(F)F)c2)s1,CHEMBL5420895,5.13667714,7300,0,462.478,6.2852,2,6
CC(C(=O)C1(N)CCCN(c2cnc(-c3ccc(F)c(F)c3)cc2Cn2cnc3c(N)ncnc32)C1)C1CC1,CHEMBL5805522,6.279840697,525,1,532.599,3.7099,2,9
CC(C)(C)C(=O)[C@@]1(N)CCCN(c2cnc(-c3ccc(F)c(F)c3)cc2Cn2cnc3c(N)ncnc32)C1,CHEMBL5785574,6.279840697,525,1,520.588,3.7099,2,9
CC(C)(C)NS(=O)(=O)c1cccc2c(N)cccc12,CHEMBL4874995,4.735182177,18400,0,278.377,2.4988,2,3
CC(C)(C)OC(=O)NC1(COC2CC2)CCCC(c2cnc(-c3ccc(F)c(F)c3)cc2Cn2cnc3c(N(C(=O)OC(C)(C)C)C(=O)OC(C)(C)C)ncnc32)C1,CHEMBL5751773,8.259637311,5.5,1,805.924,8.9915,1,12
CC(C)(O)[C@H](F)CNC1=C(Cl)C(=O)c2ccc(Cl)nc2C1=O,CHEMBL5412847,6.602059991,250,1,347.173,2.263,2,5
CC(C)(O)[C@H](F)CNC1=C(Cl)C(=O)c2ccc(N3CCC(F)(F)C3)nc2C1=O,CHEMBL5397372,6.031517051,930,1,417.815,2.455,2,6
CC(C)(O)[C@H](F)CNC1=C(Cl)C(=O)c2ccc(N3CCCC3)nc2C1=O,CHEMBL5419919,6.443697499,360,1,381.835,2.2098,2,6
CC(C)(O)[C@H](F)CNC1=C(Cl)C(=O)c2ccc(N3C[C@@H](O)[C@H](O)C3)nc2C1=O,CHEMBL5412582,5.913640169,1220,0,413.833,0.1514,4,8
CC(C)(O)[C@H](F)CNC1=C(Cl)C(=O)c2cccnc2C1=O,CHEMBL5433538,6.522878745,300,1,312.728,1.6096,2,5
CC(C)(O)[C@H](F)CNC1=C(Cl)C(=O)c2ncccc2C1=O,CHEMBL5401919,5.882728704,1310,0,312.728,1.6096,2,5
CC(C)C(=O)[C@@]1(N)CCCN(c2cnc(-c3ccc(F)c(F)c3)cc2Cn2cnc3c(N)ncnc32)C1,CHEMBL5768291,6.279840697,525,1,506.561,3.3198,2,9
CC(C)C(C)C(=O)C1(N)CCCN(c2cnc(-c3ccc(F)c(F)c3)cc2Cn2cnc3c(N(C(=O)OC(C)(C)C)C(=O)OC(C)(C)C)ncnc32)C1,CHEMBL5836602,6.279840697,525,1,734.849,7.0503,1,12
CC(C)CN[C@@H](CC[C@H](N)C(=O)O)C[C@H]1O[C@@H](n2cnc3c(N)ncnc32)[C@H](O)[C@@H]1O,CHEMBL5441106,5.744727495,1800,0,437.501,-0.7759,6,11
CC(C)N1CCC(Nc2nc(C#N)nc3ccccc23)CC1,CHEMBL5619303,6.42365865,377,1,295.39,2.78618,1,5
CC(C)OC[C@@]1(N)CCCN(c2cnc(-c3ccc(F)c(F)c3)cc2Cn2cnc3c(N)ncnc32)C1,CHEMBL5739719,8.259637311,5.5,1,508.577,3.5197,2,9
CC(C)OC[C@@]1(N)CCCN(c2cnc(-c3ccc(F)cc3)cc2Cn2cnc3c(N)ncnc32)C1,CHEMBL6055441,6.279840697,525,1,490.587,3.3806,2,9
CC(C)[C@H](O)[C@@]1(N)CCCN(c2cnc(-c3ccc(F)c(F)c3)cc2Cn2cnc3c(N)ncnc32)C1,CHEMBL6039983,6.279840697,525,1,508.577,3.1116,3,9
CC(C)n1ccc([C@@]2(N)CCCN(c3cnc(-c4ccc(F)cc4)cc3Cn3cnc4c(N)ncnc43)C2)n1,CHEMBL5980149,8.259637311,5.5,1,526.624,3.8897,2,10
CC(F)(F)C(=O)N1CCC2(CC1)CN(C1=C(Cl)C(=O)c3cccnc3C1=O)C2,CHEMBL5419286,6.48148606,330,1,409.82,2.4906,0,5
CC(F)(F)C(=O)N1CCC2(CC1)CN(C1=C(Cl)C(=O)c3ncccc3C1=O)C2,CHEMBL5397613,5.515700161,3050,0,409.82,2.4906,0,5
CC(F)(F)C(=O)NC12CC(NC3=C(Cl)C(=O)c4cccnc4C3=O)(C1)C2,CHEMBL5402620,6.522878745,300,1,381.766,1.9471,2,5
CC(F)(F)C(=O)NC12CC(NC3=C(Cl)C(=O)c4ncccc4C3=O)(C1)C2,CHEMBL5418912,6.48148606,330,1,381.766,1.9471,2,5
CC(F)(F)C(=O)NC1CN(C2=C(Cl)C(=O)c3cccnc3C2=O)C1,CHEMBL5422301,6.327902142,470,1,355.728,1.3666,1,5
CC(F)(F)C(=O)NC1CN(C2=C(Cl)C(=O)c3ncccc3C2=O)C1,CHEMBL5402868,6.443697499,360,1,355.728,1.3666,1,5
CC(F)(F)C(=O)NCCC1CCN(C2=C(Cl)C(=O)c3cccnc3C2=O)CC1,CHEMBL5430389,5.630784143,2340,0,411.836,2.7845,1,5
CC(F)(F)C(=O)NCCC1CCN(C2=C(Cl)C(=O)c3ncccc3C2=O)CC1,CHEMBL5406546,5.869666232,1350,0,411.836,2.7845,1,5
CC(F)(F)C(=O)NCCC1CN(C2=C(Cl)C(=O)c3cccnc3C2=O)C1,CHEMBL5436306,6.420216403,380,1,383.782,2.0043,1,5
CC(F)(F)C(=O)NCCC1CN(C2=C(Cl)C(=O)c3ncccc3C2=O)C1,CHEMBL5402955,6.420216403,380,1,383.782,2.0043,1,5
CC(O)c1ccc([C@@]2(N)CCCN(c3cnc(-c4ccc(F)c(F)c4)cc3Cn3cnc4c(N)ncnc43)C2)nc1Cl,CHEMBL5917719,6.279840697,525,1,592.054,4.3531,3,10
CC(O)c1ccc([C@@]2(N)CCCN(c3cnc(-c4ccc(F)c(F)c4)cc3Cn3cnc4c(N)ncnc43)C2)nc1F,CHEMBL6041940,6.279840697,525,1,575.599,3.8388,3,10
CC1(C(=O)C2(N)CCCN(c3cnc(-c4ccc(F)c(F)c4)cc3Cn3cnc4c(N)ncnc43)C2)CC1,CHEMBL6041369,6.279840697,525,1,518.572,3.4639,2,9
CC1(C)CCC(CN2CCN(c3ccc(C(=O)NS(=O)(=O)c4ccc(NCC5CCOCC5)c([N+](=O)[O-])c4)c(Oc4cnc5[nH]ccc5c4)c3)CC2)=C(c2ccc(Cl)cc2)C1,CHEMBL3137309,5.769551079,1700,0,868.457,8.6599,3,11
CC1CCCCN1C(=O)C1(N)CCCN(c2cnc(-c3ccc(F)c(F)c3)cc2Cn2cnc3c(N)ncnc32)C1,CHEMBL5986329,6.279840697,525,1,561.641,3.4957,2,9
CC1CCCN1C(=O)C1(N)CCCN(c2cnc(-c3ccc(F)c(F)c3)cc2Cn2cnc3c(N)ncnc32)C1,CHEMBL5830931,6.279840697,525,1,547.614,3.1056,2,9
CC1CN1c1cc(O)c2nc(N)sc2c1,CHEMBL5270736,4.573488739,26700,0,221.285,1.7926,2,5
CCC(C)NC(CC[C@H](N)C(=O)O)C[C@H]1O[C@@H](n2cnc3c(N)ncnc32)[C@H](O)[C@@H]1O,CHEMBL4866486,5.48148606,3300,0,437.501,-0.6334,6,11
CCC(C)N[C@@H](CC[C@H](N)C(=O)O)C[C@H]1O[C@@H](n2cnc3c(N)ncnc32)[C@H](O)[C@@H]1O,CHEMBL5595246,5.744727495,1800,0,437.501,-0.6334,6,11
CCCC[C@H](NC(=O)[C@@H](NC(=O)CNC(C)=O)C(C)C)C(=O)N[C@@H](CCCNC(=N)N)C(=O)N[C@H](C(N)=O)[C@@H](C)CC,CHEMBL5402803,4.657577319,22000,0,597.762,-1.29743,9,7
CCCN1CCC(Nc2cc(C#N)nc3cc(OCCCN4CCCC4)c(OC)cc23)CC1,CHEMBL5591500,6.101274818,792,1,451.615,4.26608,1,7
CCCN1CCC(Nc2nc(C#N)nc3cc(OC)c(OC)cc23)CC1,CHEMBL5619878,6.244887734,569,1,355.442,2.80498,1,7
CCCN1CCC(Nc2nc(C#N)nc3cc(OCCCN4CCCC4)c(OC)cc23)CC1,CHEMBL5593211,6.363512104,433,1,452.603,3.66108,1,8
CCCN[C@@H](CC[C@H](N)C(=O)O)C[C@H]1O[C@@H](n2cnc3c(N)ncnc32)[C@H](O)[C@@H]1O,CHEMBL3414624,5.48148606,3300,0,423.474,-1.0219,6,11
CCC[C@H](C)[C@H](NC(=O)[C@@H](NC(=O)CNC(C)=O)C(C)C)C(=O)N[C@@H](CCCNC(=N)N)C(=O)N[C@H](C(N)=O)[C@@H](C)CC,CHEMBL5414580,4.657577319,22000,0,611.789,-1.05143,9,7
CCN1CCC(Nc2cccc3c(S(=O)(=O)NCc4ccccc4)cccc23)CC1,CHEMBL4846461,5.494850022,3200,0,423.582,4.2145,2,4
CCN1CCC(Nc2nc(C#N)nc3cc(OC)c(OC)cc23)CC1,CHEMBL5619351,5.819874125,1514,0,341.415,2.41488,1,7
CCNC(=O)C[C@@H]1N=C(c2ccc(Cl)cc2)c2cc(OC)ccc2-n2c(C)nnc21,CHEMBL1232461,6.920818754,120,1,423.904,3.65602,1,6
CCNCc1cc(C)c(-c2ncn(C)c2-c2ccc(C#N)c3ccccc23)c(C)c1,CHEMBL5195926,6.15490196,700,1,394.522,5.50532,1,4
CCO[C@H](C)C1(N)CCCN(c2cnc(-c3ccc(F)c(F)c3)cc2Cn2cnc3c(N)ncnc32)C1,CHEMBL6065300,6.279840697,525,1,508.577,3.5197,2,9
CC[C@@H](C)C(=O)[C@@]1(N)CCCN(c2cnc(-c3ccc(F)c(F)c3)cc2Cn2cnc3c(N)ncnc32)C1,CHEMBL5870733,6.279840697,525,1,520.588,3.7099,2,9
CC[C@H](C)C(=O)[C@@]1(N)CCCN(c2cnc(-c3ccc(F)c(F)c3)cc2Cn2cnc3c(N)ncnc32)C1,CHEMBL5437594,7.468521083,34,1,520.588,3.7099,2,9
CCc1cccc([C@@]2(N)CCCN(c3cnc(-c4ccc(F)cc4)cc3Cn3cnc4c(N)ncnc43)C2)n1,CHEMBL6057026,8.259637311,5.5,1,523.62,4.0697,2,9
CCc1cccc([C@@]2(N)CCCN(c3cnc(C4CC4)cc3Cn3cnc4c(N)ncnc43)C2)n1,CHEMBL5967216,6.279840697,525,1,469.597,3.141,2,9
CCc1cncc([C@@]2(N)CCCN(c3cnc(-c4ccc(F)cc4)cc3Cn3cnc4c(N)cccc43)C2)n1,CHEMBL5903897,6.279840697,525,1,522.632,4.6747,2,8
CCc1cncc([C@@]2(N)CCCN(c3cnc(-c4ccc(F)cc4)cc3Cn3cnc4c(N)ncnc43)C2)n1,CHEMBL5829304,6.279840697,525,1,524.608,3.4647,2,10
CCc1nccc([C@@]2(N)CCCN(c3cnc(-c4ccc(F)c(F)c4)cc3Cn3cnc4c(N)ncnc43)C2)n1,CHEMBL5755056,6.279840697,525,1,542.598,3.6038,2,10
CCn1c(N)c(C#N)c2cc(Oc3ccc(NC(=O)CN)cc3)ccc21,CHEMBL3422652,4.920818754,12000,0,349.394,2.80458,3,6
CCn1ccc(C2(N)CCCN(c3cnc(-c4ccc(F)cc4)cc3Cn3cnc4c(N)nccc43)C2)n1,CHEMBL5877455,6.279840697,525,1,511.609,3.9337,2,9
CCn1ccc([C@@]2(N)CCCN(c3cnc(C4CC4)cc3Cn3cnc4c(N)nccc43)C2)n1,CHEMBL6057203,6.279840697,525,1,457.586,3.005,2,9
CN(C)C(=O)CC1(N)CCCN(c2cnc(-c3ccc(F)c(F)c3)cc2Cn2cnc3c(N)ncnc32)C1,CHEMBL5892541,6.279840697,525,1,521.576,2.573,2,9
CN(C)C(=O)CC[C@@]1(N)CCCN(c2cnc(-c3ccc(F)c(F)c3)cc2Cn2cnc3c(N)ncnc32)C1,CHEMBL5940354,6.279840697,525,1,535.603,2.9631,2,9
CN(C)C(=O)C[C@@]1(N)CCCN(c2cnc(-c3cccc(F)c3)cc2Cn2cnc3c(N)ncnc32)C1,CHEMBL5887033,6.279840697,525,1,503.586,2.4339,2,9
CN1C(=O)[C@@]23C[C@]4([C@]56C[C@@]78SS[C@@](CO)(C(=O)N7[C@H]5Nc5ccccc56)N(C)C8=O)c5ccccc5N[C@@H]4N2C(=O)[C@]1(CO)SS3,CHEMBL1089316,5.22184875,6000,0,696.858,1.334,4,12
CN1C=CC([C@@]2(N)CCCN(c3cnc(-c4ccc(F)c(F)c4)cc3Cn3cnc4c(N)ncnc43)C2)N1,CHEMBL5862610,8.259637311,5.5,1,518.576,2.427,3,10
CN1CCC(CNS(=O)(=O)c2cccc3c(N)cccc23)CC1,CHEMBL4877109,5.468521083,3400,0,333.457,2.0421,2,4
CN1CCC(Nc2cccc3c(S(=O)(=O)NCc4ccccc4)cccc23)CC1,CHEMBL4858477,5.22184875,6000,0,409.555,3.8244,2,4
CNC(=O)CC1(N)CCCN(c2cnc(-c3ccc(F)c(F)c3)cc2Cn2cnc3c(N)ncc(Cl)c32)C1,CHEMBL6028828,6.279840697,525,1,541.006,3.4892,3,8
CNC(=O)CC1(N)CCCN(c2cnc(-c3ccc(F)c(F)c3)cc2Cn2cnc3c(N)ncnc32)C1,CHEMBL5987953,6.279840697,525,1,507.549,2.2308,3,9
CNC(=O)CC1(N)CCCN(c2cnc(-c3cccc(F)c3)cc2Cn2cnc3c(N)ncnc32)C1,CHEMBL5818816,6.279840697,525,1,489.559,2.0917,3,9
CNC(=O)[C@@]1(N)CCCN(c2cnc(-c3cccc(F)c3)cc2Cn2cnc3c(N)ncnc32)C1,CHEMBL5438639,7.920818754,12,1,475.532,1.7016,3,9
CNc1nc(NC2CCN(Cc3ccccc3)CC2)c2cc(OC)c(OC)cc2n1,CHEMBL5618866,5.8224635,1505,0,407.518,3.7652,2,7
CO/N=C(\C)C1(N)CCCN(c2cnc(-c3ccc(OC)c(F)c3)cc2Cn2cnc3c(N)ncnc32)C1,CHEMBL5890378,6.279840697,525,1,519.585,2.9865,2,11
COC(=O)C1CCN(Cc2cc(C)c(-c3ncn(C)c3-c3ccc4c(c3)OCC(=O)N4)c(C)c2)CC1,CHEMBL5557662,9,1,1,488.588,4.08684,1,7
COC(=O)C[C@@]1(N)CCCN(c2cnc(-c3cccc(F)c3)cc2Cn2cnc3c(N)ncnc32)C1,CHEMBL5891742,6.279840697,525,1,490.543,2.5187,2,10
COC(=O)NC1(c2cccc(C)n2)CCCN(c2cnc(-c3ccc(F)c(F)c3)cc2Cn2cnc3c(N(C(=O)OC(C)(C)C)C(=O)OC(C)(C)C)ncnc32)C1,CHEMBL6036558,8.259637311,5.5,1,785.853,7.44652,1,13
COC(=O)[C@@]1(N)CCCN(c2cnc(-c3cccc(F)c3)cc2Cn2cnc3c(N)ncnc32)C1,CHEMBL5965445,8.259637311,5.5,1,476.516,2.1286,2,10
COC(=O)c1cc(NC(=O)Nc2ccc3nnsc3c2)cc(C(=O)OC)c1,CHEMBL5427103,5.431798276,3700,0,386.389,2.9085,2,8
COC1CCC(C(=O)C2(N)CCCN(c3cnc(-c4ccc(F)c(F)c4)cc3Cn3cnc4c(N)ncnc43)C2)C1,CHEMBL5881805,6.279840697,525,1,562.625,3.4789,2,10
COCC1CC(N)CN(c2cnc(-c3ccc(F)c(F)c3)cc2Cn2cnc3c(N)ncnc32)C1,CHEMBL5981155,6.279840697,525,1,480.523,2.597,2,9
COCCC1(N)CCCN(c2cnc(-c3ccc(F)c(F)c3)cc2Cn2cnc3c(N)ncnc32)C1,CHEMBL5746821,6.279840697,525,1,494.55,3.1312,2,9
COCCOc1cc2nc(C#N)nc(NC3CCN(C(C)C)CC3)c2cc1OC,CHEMBL5620247,7.537602002,29,1,399.495,2.81998,1,8
COC[C@@H]1[C@H](N)CCCN1c1cnc(-c2ccc(C#N)c(F)c2)cc1Cn1cnc2c(N)ncnc21,CHEMBL6004045,6.279840697,525,1,487.543,2.47208,2,10
COC[C@@]1(N)CCCN(c2cnc(-c3cc(Cl)ccc3F)cc2Cn2cnc3c(N)ncnc32)C1,CHEMBL5396709,8.259637311,5.5,1,496.978,3.2554,2,9
COC[C@@]1(N)CCCN(c2cnc(-c3ccc(F)c(Cl)c3)cc2Cn2cnc3c(N)ncnc32)C1,CHEMBL5955963,8.259637311,5.5,1,496.978,3.2554,2,9
COC[C@@]1(N)CCCN(c2cnc(-c3ccc(F)c(F)c3)cc2Cn2cnc3c(N)ncnc32)C1,CHEMBL5408212,8.259637311,5.5,1,480.523,2.7411,2,9
COC[C@@]1(N)CCCN(c2cnc(-c3ccc(F)cc3F)cc2Cn2cnc3c(N)ncnc32)C1,CHEMBL5419719,8.259637311,5.5,1,480.523,2.7411,2,9
COC[C@@]1(N)CCCN(c2cnc(-c3ccc(OC)c(F)c3)cc2Cn2cnc3c(N)ncnc32)C1,CHEMBL5857132,7.269739004,265.25,1,492.559,2.6106,2,10
COC[C@@]1(N)CCCN(c2cnc(-c3ccc(OC)cc3F)cc2Cn2cnc3c(N)ncnc32)C1,CHEMBL5947924,8.259637311,5.5,1,492.559,2.6106,2,10
COC[C@@]1(N)CCCN(c2cnc(-c3cccc(Cl)c3)cc2Cn2cnc3c(N)ncnc32)C1,CHEMBL5783629,8.259637311,5.5,1,478.988,3.1163,2,9
COC[C@@]1(N)CCCN(c2cnc(-c3cccc(F)c3)cc2Cn2cnc3c(N)ncnc32)C1,CHEMBL5968753,8.259637311,5.5,1,462.533,2.602,2,9
CO[C@@H](C)[C@@]1(N)CCCN(c2cnc(-c3ccc(F)c(F)c3)cc2Cn2cnc3c(N)ncnc32)C1,CHEMBL6063957,6.279840697,525,1,494.55,3.1296,2,9
CO[C@H](C)[C@@]1(N)CCCN(c2cnc(-c3ccc(F)c(F)c3)cc2Cn2cnc3c(N)ncnc32)C1,CHEMBL5926402,6.279840697,525,1,494.55,3.1296,2,9
COc1c(-c2ccc(F)c(F)c2)ncc(N2CCC[C@](N)([C@H](O)C(F)F)C2)c1Cn1cnc2c(N)ncnc21,CHEMBL5872987,8.259637311,5.5,1,546.529,2.7293,3,10
COc1c(F)cc(-c2cc(Cn3cnc4c(N)ncnc43)c(N3CCC[C@](N)([C@@H](O)C(F)F)C3)cn2)cc1F,CHEMBL5989912,8.259637311,5.5,1,546.529,2.7293,3,10
COc1c(F)cc(-c2cc(Cn3cnc4c(N)ncnc43)c(N3CCC[C@](N)([C@H](O)C(F)F)C3)cn2)cc1F,CHEMBL5783183,8.259637311,5.5,1,546.529,2.7293,3,10
COc1c(F)cc(-c2cc(Cn3cnc4c(N)ncnc43)c(N3CCC[C@](N)(c4cccc(Cl)n4)C3)cn2)cc1F,CHEMBL6030242,8.259637311,5.5,1,578.027,4.3084,2,10
COc1cc(-c2c(-c3c(C)cc(CN)cc3C)ncn2C)ccc1C#N,CHEMBL5196890,4.961379838,10930,0,346.434,3.70992,1,5
COc1cc(CN)cc(OC)c1-c1ncn(C)c1-c1ccc(C#N)cc1,CHEMBL5189001,5.35261703,4440,0,348.406,3.10168,1,6
COc1cc(CN)ccc1-c1ncn(C)c1-c1ccc(C#N)cc1,CHEMBL5207536,4.92190585,11970,0,318.38,3.09308,1,5
COc1cc(F)c(-c2cc(Cn3cnc4c(N)ncnc43)c(N3CCC[C@](N)([C@@H](O)C(F)F)C3)cn2)cc1F,CHEMBL5433029,8.259637311,5.5,1,546.529,2.7293,3,10
COc1cc(F)c(-c2cc(Cn3cnc4c(N)ncnc43)c(N3CCC[C@](N)([C@H](O)C(F)F)C3)cn2)cc1F,CHEMBL5619100,8.259637311,5.5,1,546.529,2.7293,3,10
COc1cc(F)c(-c2cc(Cn3cnc4c(N)ncnc43)c(N3CCC[C@](N)(c4cccc(Cl)n4)C3)cn2)c(F)c1,CHEMBL6010827,6.279840697,525,1,578.027,4.3084,2,10
COc1cc(F)c(-c2cc(Cn3cnc4c(N)ncnc43)c(N3CCC[C@](N)(c4cccc(Cl)n4)C3)cn2)cc1F,CHEMBL5925767,6.279840697,525,1,578.027,4.3084,2,10
COc1cc(F)c(-c2ncc(N3CCC[C@](N)([C@H](O)C(F)F)C3)c(Cn3cnc4c(N)ncnc43)c2F)cc1F,CHEMBL5899605,6.279840697,525,1,564.519,2.8684,3,10
COc1cc(F)ccc1-c1cc(Cn2cnc3c(N)ncnc32)c(N2CCC[C@](N)([C@@H](O)C(F)F)C2)cn1,CHEMBL5899700,6.279840697,525,1,528.539,2.5902,3,10
COc1cc(F)ccc1-c1cc(Cn2cnc3c(N)ncnc32)c(N2CCC[C@](N)([C@H](O)C(F)F)C2)cn1,CHEMBL5879856,6.279840697,525,1,528.539,2.5902,3,10
COc1cc(F)nc([C@@]2(N)CCCN(c3cnc(-c4ccc(F)c(F)c4)cc3Cn3cnc4c(N)ncnc43)C2)c1,CHEMBL5929645,8.259637311,5.5,1,561.572,3.7941,2,10
COc1cc2c(NC3CCN(C(=O)OC(C)(C)C)CC3)cc(C#N)nc2cc1OCCCN1CCCC1,CHEMBL5592412,5.783834098,1645,0,509.651,4.79118,1,8
COc1cc2c(NC3CCN(C(C)=O)CC3)cc(C#N)nc2cc1OCCCN1CCCC1,CHEMBL5592452,5.851705903,1407,0,451.571,3.40258,1,7
COc1cc2c(NC3CCN(C(C)C)CC3)cc(C#N)nc2cc1OCCCN1CCCC1,CHEMBL5590338,7.853871964,14,1,451.615,4.26448,1,7
COc1cc2c(NC3CCN(C(C)C)CC3)nc(C#N)nc2cc1O,CHEMBL5619576,7.22184875,60,1,341.415,2.50038,2,7
COc1cc2c(NC3CCN(C(C)C)CC3)nc(C#N)nc2cc1OCCCN(C)C,CHEMBL5592774,7.886056648,13,1,426.565,3.12528,1,8
COc1cc2c(NC3CCN(C(C)C)CC3)nc(C#N)nc2cc1OCCCN1CCC(F)(F)C1,CHEMBL5618451,7.420216403,38,1,488.583,3.90468,1,8
COc1cc2c(NC3CCN(C(C)C)CC3)nc(C#N)nc2cc1OCCCN1CCC(F)(F)CC1,CHEMBL5618412,7.494850022,32,1,502.61,4.29478,1,8
COc1cc2c(NC3CCN(C(C)C)CC3)nc(C#N)nc2cc1OCCCN1CCCC1,CHEMBL5591131,7.769551079,17,1,452.603,3.65948,1,8
COc1cc2c(NC3CCN(C(C)C)CC3)nc(C#N)nc2cc1OCCCN1CCCCC1,CHEMBL5592280,7.920818754,12,1,466.63,4.04958,1,8
COc1cc2c(NC3CCN(C(C)C)CC3)nc(C#N)nc2cc1OCCCN1CCOCC1,CHEMBL5593832,7.769551079,17,1,468.602,2.89588,1,9
COc1cc2c(NC3CCN(C(C)C)CC3)nc(C#N)nc2cc1OCCN1CCOCC1,CHEMBL5619719,7.356547324,44,1,454.575,2.50578,1,9
COc1cc2c(NC3CCN(C(C)C)CC3)nc(C#N)nc2cc1OCc1ccccc1,CHEMBL5619699,7.30980392,49,1,431.54,4.37378,1,7
COc1cc2c(NC3CCN(C)CC3)cc(C#N)nc2cc1OCCCN1CCCC1,CHEMBL5592600,6.576754126,265,1,423.561,3.48588,1,7
COc1cc2c(NC3CCN(C)CC3)nc(C#N)nc2cc1OCCCN1CCCC1,CHEMBL5595912,6.522878745,300,1,424.549,2.88088,1,8
COc1cc2c(NC3CCN(C4CC4)CC3)cc(C#N)nc2cc1OCCCN1CCCC1,CHEMBL5583700,7.552841969,28,1,449.599,4.01848,1,7
COc1cc2c(NC3CCN(C4CC4)CC3)nc(C#N)nc2cc1OCCCN1CCCC1,CHEMBL5591835,7.568636236,27,1,450.587,3.41348,1,8
COc1cc2c(NC3CCN(C4CCCCC4)CC3)cc(C#N)nc2cc1OCCCN1CCCC1,CHEMBL5592107,5.739928612,1820,0,491.68,5.18878,1,7
COc1cc2c(NC3CCN(C4CCCCC4)CC3)nc(C#N)nc2cc1OCCCN1CCCC1,CHEMBL5593275,6.007446482,983,1,492.668,4.58378,1,8
COc1cc2c(NC3CCN(Cc4ccccc4)CC3)cc(C#N)nc2cc1OCCCN1CCCC1,CHEMBL5590208,5.889747083,1289,0,499.659,5.05628,1,7
COc1cc2c(NC3CCN(Cc4ccccc4)CC3)nc(C#N)nc2cc1OCCCN1CCCC1,CHEMBL5595949,5.95546024,1108,0,500.647,4.45128,1,8
COc1cc2c(NC3CCNCC3)cc(C#N)nc2cc1OCCCN1CCCC1,CHEMBL5592239,5.963371105,1088,0,409.534,3.14368,2,7
COc1cc2c(NCC3CCN(C)CC3)cc(C#N)nc2cc1OCCCN1CCCC1,CHEMBL5591832,6.442492798,361,1,437.588,3.73348,1,7
COc1cc2c(NCC3CCN(C)CC3)nc(C#N)nc2cc1OCCCN1CCCC1,CHEMBL5594410,6.385102784,412,1,438.576,3.12848,1,8
COc1cc2nc(C#N)nc(N(C)C3CCN(C)CC3)c2cc1OC,CHEMBL5619142,5.424581209,3762,0,341.415,2.04908,0,7
COc1cc2nc(C#N)nc(N3CCN(C)CC3)c2cc1OC,CHEMBL5618106,5.366935727,4296,0,313.361,1.27048,0,7
COc1cc2nc(C#N)nc(NC3CCCCC3)c2cc1OC,CHEMBL5619962,5.340559218,4565,0,312.373,3.26328,1,6
COc1cc2nc(C#N)nc(NC3CCN(C(=O)OC(C)(C)C)CC3)c2cc1OC,CHEMBL5618872,5.478077755,3326,0,413.478,3.33008,1,8
COc1cc2nc(C#N)nc(NC3CCN(C(C)=O)CC3)c2cc1OC,CHEMBL5618955,5.55642412,2777,0,355.398,1.94148,1,7
COc1cc2nc(C#N)nc(NC3CCN(C(C)C)CC3)c2cc1OC,CHEMBL5589842,7.657577319,22,1,355.442,2.80338,1,7
COc1cc2nc(C#N)nc(NC3CCN(C)CC3)c2cc1OC,CHEMBL5618171,6.690369833,204,1,327.388,2.02478,1,7
COc1cc2nc(C#N)nc(NC3CCN(C4CC4)CC3)c2cc1OC,CHEMBL5619815,7.346787486,45,1,353.426,2.55738,1,7
COc1cc2nc(C#N)nc(NC3CCN(C4CCCCC4)CC3)c2cc1OC,CHEMBL5619544,5.921180817,1199,0,395.507,3.72768,1,7
COc1cc2nc(C#N)nc(NC3CCN(Cc4ccccc4)CC3)c2cc1OC,CHEMBL5589782,5.577246059,2647,0,403.486,3.59518,1,7
COc1cc2nc(C#N)nc(NC3CCNCC3)c2cc1OC,CHEMBL5619559,5.850472986,1411,0,313.361,1.68258,2,7
COc1cc2nc(C#N)nc(NC3CCOCC3)c2cc1OC,CHEMBL5618534,5.309892561,4899,0,314.345,2.10958,1,7
COc1cc2nc(C#N)nc(NCC3CCN(C)CC3)c2cc1OC,CHEMBL5618415,5.614215041,2431,0,341.415,2.27238,1,7
COc1cc2nc(C#N)nc(Nc3ccc(N4CCN(C)CC4)cc3)c2cc1OC,CHEMBL5619072,5.501276029,3153,0,404.474,3.01408,1,8
COc1cc2nc(C#N)nc(OC3CCN(C)CC3)c2cc1OC,CHEMBL5618667,5.598427154,2521,0,328.372,1.99168,0,7
COc1cc2nc(CN)nc(NC3CCN(Cc4ccccc4)CC3)c2cc1OC,CHEMBL5618533,5.851397345,1408,0,407.518,3.1822,2,7
COc1cc2nc(N(C)C)nc(NC3CCN(Cc4ccccc4)CC3)c2cc1OC,CHEMBL5619512,5.819874125,1514,0,421.545,3.7895,1,7
COc1cc2nc(N)nc(NC3CCN(Cc4ccccc4)CC3)c2cc1OC,CHEMBL5619523,5.809668302,1550,0,393.491,3.3057,2,7
COc1cc2nc(N3CCCN(C)CC3)nc(NC3CCN(Cc4ccccc4)CC3)c2cc1OC,CHEMBL569864,4.387216143,41000,0,490.652,3.8654,1,8
COc1cc2nc(N3CCN(C)CC3)nc(NC3CCN(Cc4ccccc4)CC3)c2cc1OC,CHEMBL1895209,4.387216143,41000,0,476.625,3.4753,1,8
COc1cc2ncnc(NC3CCN(Cc4ccccc4)CC3)c2cc1OC,CHEMBL596639,5.838931615,1449,0,378.476,3.7235,1,6
COc1ccc(-c2cc(Cn3cnc4c(N)ncc(Cl)c43)c(N3CCC[C@@H](N)C3)cn2)cc1F,CHEMBL5917276,6.279840697,525,1,481.963,3.8524,2,8
COc1ccc(-c2cc(Cn3cnc4c(N)nccc43)c(N3CCC[C@@H](N)C3)cn2)cc1F,CHEMBL5780992,6.279840697,525,1,447.518,3.199,2,8
COc1ccc(-c2cc(Cn3cnc4c(N)ncnc43)c(N3CCC(OC)C(N)C3)cn2)cc1F,CHEMBL5792196,6.279840697,525,1,478.532,2.2189,2,10
COc1ccc(-c2cc(Cn3cnc4c(N)ncnc43)c(N3CCC[C@@H](N)C3)cn2)c(F)c1,CHEMBL5843575,6.279840697,525,1,448.506,2.594,2,9
COc1ccc(-c2cc(Cn3cnc4c(N)ncnc43)c(N3CCC[C@@H](N)C3)cn2)cc1,CHEMBL5962978,6.279840697,525,1,430.516,2.4549,2,9
COc1ccc(-c2cc(Cn3cnc4c(N)ncnc43)c(N3CCC[C@@H](N)C3)cn2)cc1F,CHEMBL6020918,6.279840697,525,1,448.506,2.594,2,9
COc1ccc(-c2cc(Cn3cnc4c(N)ncnc43)c(N3CCC[C@@](C)(N)C3)cn2)cc1F,CHEMBL5874976,6.279840697,525,1,462.533,2.9841,2,9
COc1ccc(-c2cc(Cn3cnc4c(N)ncnc43)c(N3CCC[C@](N)(C(=O)N(C)C)C3)cn2)cc1F,CHEMBL6018611,8.259637311,5.5,1,519.585,2.0524,2,10
COc1ccc(-c2cc(Cn3cnc4c(N)ncnc43)c(N3CCC[C@](N)(C(=O)NC(C)(C)C)C3)cn2)cc1F,CHEMBL5772750,6.279840697,525,1,547.639,2.8789,3,10
COc1ccc(-c2cc(Cn3cnc4c(N)ncnc43)c(N3CCC[C@](N)(C(=O)OC(C)C)C3)cn2)cc1F,CHEMBL5957146,8.259637311,5.5,1,534.596,2.9158,2,11
COc1ccc(-c2cc(Cn3cnc4c(N)ncnc43)c(N3CCC[C@](N)(C(F)F)C3)cn2)cc1F,CHEMBL5772056,6.279840697,525,1,498.513,3.2293,2,9
COc1ccc(-c2cc(Cn3cnc4c(N)ncnc43)c(N3CCC[C@](N)(CC(F)(F)F)C3)cn2)cc1F,CHEMBL5818357,6.279840697,525,1,530.53,3.9166,2,9
COc1ccc(-c2cc(Cn3cnc4c(N)ncnc43)c(N3CCC[C@](N)(CC(F)F)C3)cn2)cc1F,CHEMBL5883120,6.279840697,525,1,512.54,3.6194,2,9
COc1ccc(-c2cc(Cn3cnc4c(N)ncnc43)c(N3CCC[C@](N)(COC(C)C)C3)cn2)cc1F,CHEMBL6060827,8.259637311,5.5,1,520.613,3.3892,2,10
COc1ccc(-c2cc(Cn3cnc4c(N)ncnc43)c(N3CCC[C@](N)(COC(F)F)C3)cn2)cc1F,CHEMBL5951971,6.279840697,525,1,528.539,3.2034,2,10
COc1ccc(-c2cc(Cn3cnc4c(N)ncnc43)c(N3CCC[C@](N)(COC4CC4)C3)cn2)cc1F,CHEMBL5786123,8.259637311,5.5,1,518.597,3.1432,2,10
COc1ccc(-c2cc(Cn3cnc4c(N)ncnc43)c(N3CCC[C@](N)(COC4CCC4)C3)cn2)cc1F,CHEMBL5432302,8.259637311,5.5,1,532.624,3.5333,2,10
COc1ccc(-c2cc(Cn3cnc4c(N)ncnc43)c(N3CCC[C@](N)(COCC(F)(F)F)C3)cn2)cc1F,CHEMBL5962134,6.279840697,525,1,560.556,3.5431,2,10
COc1ccc(-c2cc(Cn3cnc4c(N)ncnc43)c(N3CCC[C@](N)(Cc4ccccn4)C3)cn2)cc1F,CHEMBL5810084,8.259637311,5.5,1,539.619,3.6019,2,10
COc1ccc(-c2cc(Cn3cnc4c(N)ncnc43)c(N3CCC[C@](N)(Cc4nccs4)C3)cn2)cc1F,CHEMBL5982206,8.259637311,5.5,1,545.648,3.6634,2,11
COc1ccc(-c2cc(Cn3cnc4c(N)ncnc43)c(N3CCC[C@](N)([C@@H](C)O)C3)cn2)cc1F,CHEMBL5746181,8.259637311,5.5,1,492.559,2.345,3,10
COc1ccc(-c2cc(Cn3cnc4c(N)ncnc43)c(N3CCC[C@](N)([C@@H](C)OC)C3)cn2)cc1F,CHEMBL5830935,6.279840697,525,1,506.586,2.9991,2,10
COc1ccc(-c2cc(Cn3cnc4c(N)ncnc43)c(N3CCC[C@](N)([C@@H](O)C(F)F)C3)cn2)c(C(F)(F)F)c1,CHEMBL5986522,8.259637311,5.5,1,578.546,3.4699,3,10
COc1ccc(-c2cc(Cn3cnc4c(N)ncnc43)c(N3CCC[C@](N)([C@@H](O)C(F)F)C3)cn2)c(C(F)F)c1,CHEMBL5949381,8.259637311,5.5,1,560.556,3.3887,3,10
COc1ccc(-c2cc(Cn3cnc4c(N)ncnc43)c(N3CCC[C@](N)([C@@H](O)C(F)F)C3)cn2)c(Cl)c1,CHEMBL5857060,6.279840697,525,1,544.994,3.1045,3,10
COc1ccc(-c2cc(Cn3cnc4c(N)ncnc43)c(N3CCC[C@](N)([C@@H](O)C(F)F)C3)cn2)cc1Cl,CHEMBL6053828,8.259637311,5.5,1,544.994,3.1045,3,10
COc1ccc(-c2cc(Cn3cnc4c(N)ncnc43)c(N3CCC[C@](N)([C@@H](O)C(F)F)C3)cn2)cc1F,CHEMBL6060442,8.259637311,5.5,1,528.539,2.5902,3,10
COc1ccc(-c2cc(Cn3cnc4c(N)ncnc43)c(N3CCC[C@](N)([C@H](C)O)C3)cn2)cc1F,CHEMBL5762902,8.259637311,5.5,1,492.559,2.345,3,10
COc1ccc(-c2cc(Cn3cnc4c(N)ncnc43)c(N3CCC[C@](N)([C@H](C)OC)C3)cn2)cc1F,CHEMBL5834845,6.279840697,525,1,506.586,2.9991,2,10
COc1ccc(-c2cc(Cn3cnc4c(N)ncnc43)c(N3CCC[C@](N)([C@H](O)C(F)F)C3)cn2)c(C(F)(F)F)c1,CHEMBL5804942,6.279840697,525,1,578.546,3.4699,3,10
COc1ccc(-c2cc(Cn3cnc4c(N)ncnc43)c(N3CCC[C@](N)([C@H](O)C(F)F)C3)cn2)c(C(F)F)c1,CHEMBL6013876,8.259637311,5.5,1,560.556,3.3887,3,10
COc1ccc(-c2cc(Cn3cnc4c(N)ncnc43)c(N3CCC[C@](N)([C@H](O)C(F)F)C3)cn2)c(Cl)c1,CHEMBL5881645,6.279840697,525,1,544.994,3.1045,3,10
COc1ccc(-c2cc(Cn3cnc4c(N)ncnc43)c(N3CCC[C@](N)([C@H](O)C(F)F)C3)cn2)cc1Cl,CHEMBL5771947,8.259637311,5.5,1,544.994,3.1045,3,10
COc1ccc(-c2cc(Cn3cnc4c(N)ncnc43)c(N3CCC[C@](N)([C@H](O)C(F)F)C3)cn2)cc1F,CHEMBL5957916,8.259637311,5.5,1,528.539,2.5902,3,10
COc1ccc(-c2cc(Cn3cnc4c(N)ncnc43)c(N3CCC[C@](N)(c4ccc(F)c(C)n4)C3)cn2)cc1,CHEMBL5914176,6.279840697,525,1,539.619,3.82432,2,10
COc1ccc(-c2cc(Cn3cnc4c(N)ncnc43)c(N3CCC[C@](N)(c4ccc(F)c(C)n4)C3)cn2)cc1F,CHEMBL5857364,6.279840697,525,1,557.609,3.96342,2,10
COc1ccc(-c2cc(Cn3cnc4c(N)ncnc43)c(N3CCC[C@](N)(c4ccc(F)c(Cl)n4)C3)cn2)cc1,CHEMBL5844274,6.279840697,525,1,560.037,4.1693,2,10
COc1ccc(-c2cc(Cn3cnc4c(N)ncnc43)c(N3CCC[C@](N)(c4ccc(F)c(Cl)n4)C3)cn2)cc1F,CHEMBL5916551,8.259637311,5.5,1,578.027,4.3084,2,10
COc1ccc(-c2cc(Cn3cnc4c(N)ncnc43)c(N3CCC[C@](N)(c4cccc(Cl)n4)C3)cn2)c(F)c1,CHEMBL5778206,6.279840697,525,1,560.037,4.1693,2,10
COc1ccc(-c2cc(Cn3cnc4c(N)ncnc43)c(N3CCC[C@](N)(c4cccc(Cl)n4)C3)cn2)c(F)c1F,CHEMBL6031136,6.279840697,525,1,578.027,4.3084,2,10
COc1ccc(-c2cc(Cn3cnc4c(N)ncnc43)c(N3CCC[C@](N)(c4cccc(Cl)n4)C3)cn2)cc1,CHEMBL5877258,8.259637311,5.5,1,542.047,4.0302,2,10
COc1ccc(-c2cc(Cn3cnc4c(N)ncnc43)c(N3CCC[C@](N)(c4cccc(Cl)n4)C3)cn2)cc1F,CHEMBL5820647,8.259637311,5.5,1,560.037,4.1693,2,10
COc1ccc(-c2cc(Cn3cnc4c(N)ncnc43)c(N3CCC[C@](N)(c4cccc(Cl)n4)C3)cn2)nc1Cl,CHEMBL5977612,6.279840697,525,1,577.48,4.0786,2,11
COc1ccc(-c2cc(Cn3cnc4c(N)ncnc43)c(N3CCC[C@](N)(c4cccc(Cl)n4)C3)cn2)nc1F,CHEMBL5884140,8.259637311,5.5,1,561.025,3.5643,2,11
COc1ccc(-c2cc(Cn3cnc4c(N)ncnc43)c(N3CC[C@@H](F)[C@@H](N)C3)cn2)c(F)c1,CHEMBL5789768,6.279840697,525,1,466.496,2.542,2,9
COc1ccc(-c2cc(Cn3cnc4c(N)ncnc43)c(N3CC[C@@H](F)[C@@H](N)C3)cn2)cc1F,CHEMBL6064812,6.279840697,525,1,466.496,2.542,2,9
COc1ccc(-c2cc(Cn3cnc4c(N)ncnc43)c(N3C[C@H](N)CC(F)(F)C3)cn2)cc1F,CHEMBL5909445,6.279840697,525,1,484.486,2.8392,2,9
COc1ccc(-c2cc(Cn3cnc4c(N)ncnc43)c(N3C[C@H](N)C[C@@H](CF)C3)cn2)cc1F,CHEMBL5929106,6.279840697,525,1,480.523,2.7896,2,9
COc1ccc(-c2ncc(N3CCC[C@](N)([C@H](O)C(F)F)C3)c(Cn3cnc4c(N)ncnc43)c2F)c(F)c1,CHEMBL5814581,6.279840697,525,1,546.529,2.7293,3,10
COc1ccc(C(N)=O)cc1-c1ncn(C)c1-c1ccc2c(c1)OCC(=O)N2,CHEMBL5518061,5,10000,0,378.388,2.1925,2,6
COc1ccc(C2C=C(Cn3cnc4c(N)ncnc43)C(N3CCCC(N)(C(C)F)C3)=CN2)cc1F,CHEMBL6021951,6.279840697,525,1,496.566,2.8198,3,9
COc1ccc(CNS(=O)(=O)c2cccc3c(N)cccc23)cc1,CHEMBL4865731,4.869666232,13500,0,342.42,2.9091,2,4
COc1ccc(Cl)nc1[C@@]1(N)CCCN(c2cnc(-c3ccc(F)c(F)c3)cc2Cn2cnc3c(N)ncnc32)C1,CHEMBL6014505,6.279840697,525,1,578.027,4.3084,2,10
COc1ccc2c(NC3CCN(C(C)C)CC3)nc(C#N)nc2c1,CHEMBL5618212,6.567030709,271,1,325.416,2.79478,1,6
COc1ccc2nc(C#N)nc(NC3CCN(C(C)C)CC3)c2c1,CHEMBL5620022,7.070581074,85,1,325.416,2.79478,1,6
COc1cccc(-n2nc(C(=O)O)cc2-c2ccc(C3CCCCC3)c(Cl)c2)c1,CHEMBL2058156,5.070581074,8500,0,410.901,5.9472,1,4
COc1cccc([C@@]2(N)CCCN(c3cnc(-c4ccc(F)c(F)c4)cc3Cn3cnc4c(N)ncnc43)C2)n1,CHEMBL5900667,8.259637311,5.5,1,543.582,3.655,2,10
COc1cnc(-c2cc(Cn3cnc4c(N)ncnc43)c(N3CCC[C@](N)(c4cccc(Cl)n4)C3)cn2)cc1F,CHEMBL6047354,8.259637311,5.5,1,561.025,3.5643,2,11
COc1ncc(-c2cc(Cn3cnc4c(N)ncnc43)c(N3CCC[C@](N)(c4cccc(Cl)n4)C3)cn2)cc1F,CHEMBL5980333,6.279840697,525,1,561.025,3.5643,2,11
CS(=O)(=O)N1CCC(Nc2cccc3c(S(=O)(=O)NCc4ccccc4)cccc23)CC1,CHEMBL4852534,4.928117993,11800,0,473.62,3.1542,2,5
CSCC1(N)CCCN(c2cnc(-c3ccc(F)c(F)c3)cc2Cn2cnc3c(N)ncnc32)C1,CHEMBL5816937,6.279840697,525,1,496.591,3.4577,2,9
C[C@@H](F)c1cccc([C@@]2(N)CCCN(c3cnc(-c4ccc(F)cc4)cc3Cn3cnc4c(N)ncnc43)C2)n1,CHEMBL5851877,6.279840697,525,1,541.61,4.5378,2,9
C[C@@H](c1ccccn1)[C@@]1(N)CCCN(c2cnc(-c3ccc(F)c(F)c3)cc2Cn2cnc3c(N)ncnc32)C1,CHEMBL5878441,6.279840697,525,1,541.61,4.2934,2,9
C[C@@](O)(C(=O)N1CCC(O)(CCNC2=C(Cl)C(=O)c3cccnc3C2=O)CC1)C(F)(F)F,CHEMBL5418169,6.619788758,240,1,475.851,1.5575,3,7
C[C@@](O)(C(=O)N1CCC(O)(CCNC2=C(Cl)C(=O)c3ncccc3C2=O)CC1)C(F)(F)F,CHEMBL5407373,6.004364805,990,1,475.851,1.5575,3,7
C[C@@](O)(C(=O)NC12CC(NC3=C(Cl)C(=O)c4cccnc4C3=O)(C1)C2)C(F)(F)F,CHEMBL5440868,6.37675071,420,1,429.782,1.6052,3,6
C[C@@](O)(C(=O)NC12CC(NC3=CC(=O)c4ncccc4C3=O)(C1)C2)C(F)(F)F,CHEMBL5407427,5.88941029,1290,0,395.337,1.0387,3,6
C[C@H](F)c1cccc([C@@]2(N)CCCN(c3cnc(-c4ccc(F)cc4)cc3Cn3cnc4c(N)ncnc43)C2)n1,CHEMBL6018670,6.279840697,525,1,541.61,4.5378,2,9
C[C@H]1COC[C@@H]([C@@]2(N)CCCN(c3cnc(-c4ccc(F)c(F)c4)cc3Cn3cnc4c(N)ncnc43)C2)O1,CHEMBL5818119,6.279840697,525,1,536.587,2.8986,2,10
Cc1cc(C(F)F)c(F)cc1-c1cc(Cn2cnc3c(N)ncnc32)c(N2CCC[C@](N)([C@@H](O)C(F)F)C2)cn1,CHEMBL6056906,8.259637311,5.5,1,562.547,3.82762,3,9
Cc1cc(C(F)F)ccc1-c1cc(Cn2cnc3c(N)ncnc32)c(N2CCC[C@](N)([C@@H](O)C(F)F)C2)cn1,CHEMBL5780199,8.259637311,5.5,1,544.557,3.68852,3,9
Cc1cc(C(F)F)ccc1-c1cc(Cn2cnc3c(N)ncnc32)c(N2CCC[C@](N)([C@H](O)C(F)F)C2)cn1,CHEMBL5950982,6.279840697,525,1,544.557,3.68852,3,9
Cc1cc(C(N)=O)ccc1-c1ncn(C)c1-c1ccc(C#N)cc1,CHEMBL5563959,4.900000142,12589.25,0,316.364,3.0331,1,4
Cc1cc(C(N)=O)ccc1-c1ncn(C)c1-c1ccc2c(c1)OCC(=O)N2,CHEMBL5562861,6.299997603,501.19,1,362.389,2.49232,2,5
Cc1cc(CN)cc(C)c1-c1ncn(C)c1-c1ccc(C#N)c(C(F)(F)F)c1,CHEMBL5189494,4.812197361,15410,0,384.405,4.72012,1,4
Cc1cc(CN)cc(C)c1-c1ncn(C)c1-c1ccc(C#N)c(Cl)c1,CHEMBL5173281,5.298432015,5030,0,350.853,4.35472,1,4
Cc1cc(CN)cc(C)c1-c1ncn(C)c1-c1ccc(C#N)c(F)c1,CHEMBL5195412,5.536107011,2910,0,334.398,3.84042,1,4
Cc1cc(CN)cc(C)c1-c1ncn(C)c1-c1ccc(C#N)c(N)c1,CHEMBL5172159,5.056505484,8780,0,331.423,3.28352,2,5
Cc1cc(CN)cc(C)c1-c1ncn(C)c1-c1ccc(C#N)c2ccccc12,CHEMBL5172030,6.283996656,520,1,366.468,4.85452,1,4
Cc1cc(CN)cc(C)c1-c1ncn(C)c1-c1ccc(C#N)c2ncccc12,CHEMBL5179727,5.801342913,1580,0,367.456,4.24952,1,5
Cc1cc(CN)cc(C)c1-c1ncn(C)c1-c1ccc(C#N)cc1,CHEMBL5197903,6.244125144,570,1,316.408,3.70132,1,4
Cc1cc(CN)cc(C)c1-c1ncn(C)c1-c1ccc2c(c1)OCC(=O)N2,CHEMBL5562153,7.299988938,50.12,1,362.433,3.16054,2,5
Cc1cc(CN)cc(C)c1-c1ncn(C)c1-c1ccnc2cc(F)ccc12,CHEMBL4778517,4.600000075,25118.86,0,360.436,4.51694,1,4
Cc1cc(CN)ccc1-c1ncn(C)c1-c1ccc(C#N)cc1,CHEMBL5208296,5.329754147,4680,0,302.381,3.3929,1,4
Cc1cc(CN2CCC(N(C)C)C2)cc(C)c1-c1ncn(C)c1-c1ccc(C#N)c2ccccc12,CHEMBL5196682,5.698970004,2000,0,463.629,5.53172,0,5
Cc1cc(CN2CCC(N)CC2)cc(C)c1-c1ncn(C)c1-c1ccc(C#N)c2ccccc12,CHEMBL5186268,6.958607315,110,1,449.602,5.31892,1,5
Cc1cc(CN2CCC(NC(=O)OC(C)(C)C)CC2)cc(C)c1-c1ncn(C)c1-c1ccc(C#N)c2ccccc12,CHEMBL5170530,5.09420412,8050,0,549.719,6.88492,1,6
Cc1cc(CN2CCC(O)C2)cc(C)c1-c1ncn(C)c1-c1ccc(C#N)c2ccccc12,CHEMBL5181192,6.283996656,520,1,436.559,4.96242,1,5
Cc1cc(CN2CCCC2)cc(C)c1-c1ncn(C)c1-c1ccc(C#N)c2ccccc12,CHEMBL5171113,5.684029655,2070,0,420.56,5.99162,0,4
Cc1cc(CN2CCCCC2)cc(C)c1-c1ncn(C)c1-c1ccc(C#N)c2ccccc12,CHEMBL5173072,5.826813732,1490,0,434.587,6.38172,0,4
Cc1cc(CN2CCCCC2)cc(C)c1-c1ncn(C)c1-c1ccc2c(c1)OCC(=O)N2,CHEMBL6067693,6.799998135,158.49,1,430.552,4.68774,1,5
Cc1cc(CN2CCCCC2)ccc1-c1ncn(C)c1-c1ccc2c(c1)OCC(=O)N2,CHEMBL5542909,6.900008766,125.89,1,416.525,4.37932,1,5
Cc1cc(CN2CCN(C(=O)OC(C)(C)C)CC2)cc(C)c1-c1ncn(C)c1-c1ccc(C#N)c2ccccc12,CHEMBL5188840,5.093126465,8070,0,535.692,6.44852,0,6
Cc1cc(CN2CCNCC2)cc(C)c1-c1ncn(C)c1-c1ccc(C#N)c2ccccc12,CHEMBL5202390,5.723538196,1890,0,435.575,4.80102,1,5
Cc1cc(CN2CCOCC2)cc(C)c1-c1ncn(C)c1-c1ccc(C#N)c2ccccc12,CHEMBL5174009,5.415668776,3840,0,436.559,5.22802,0,5
Cc1cc(CN2CCOCC2)cc(C)c1-c1ncn(C)c1-c1ccc2c(c1)OCC(=O)N2,CHEMBL5557539,6.799998135,158.49,1,432.524,3.53404,1,6
Cc1cc(CNC(=O)OC(C)(C)C)cc(C)c1-c1ncn(C)c1-c1ccc(C#N)c2ccccc12,CHEMBL5184147,5.777283529,1670,0,466.585,6.42052,1,5
Cc1cc(CNC(C)(C)C)cc(C)c1-c1ncn(C)c1-c1ccc(C#N)c2ccccc12,CHEMBL5170326,6.193820026,640,1,422.576,6.28392,1,4
Cc1cc(CNC2CC2)cc(C)c1-c1ncn(C)c1-c1ccc(C#N)c2ccccc12,CHEMBL5204960,6.366531544,430,1,406.533,5.64782,1,4
Cc1cc(CNCCN)cc(C)c1-c1ncn(C)c1-c1ccc(C#N)c2ccccc12,CHEMBL5170310,6.207608311,620,1,409.537,4.44412,2,5
Cc1cc(CNC[C@@H]2CCNC(=O)C2)ccc1-c1ncn(C)c1-c1ccc2c(c1)OCC(=O)N2,CHEMBL5560960,7.199970641,63.1,1,459.55,3.00922,3,6
Cc1cc(CNC[C@@H]2CNC(=O)C2)ccc1-c1ncn(C)c1-c1ccc2c(c1)OCC(=O)N2,CHEMBL5562333,7.299988938,50.12,1,445.523,2.61912,3,6
Cc1cc(CNC[C@H]2CCC(=O)N2)ccc1-c1ncn(C)c1-c1ccc2c(c1)OCC(=O)N2,CHEMBL5542933,7.500038134,31.62,1,445.523,2.76162,3,6
Cc1cc(CNC[C@H]2CCCC(=O)N2)ccc1-c1ncn(C)c1-c1ccc2c(c1)OCC(=O)N2,CHEMBL5527939,7.500038134,31.62,1,459.55,3.15172,3,6
Cc1cc(CNCc2ncnn2C)ccc1-c1ncn(C)c1-c1ccc2c(c1)OCC(=O)N2,CHEMBL5532580,6.399996913,398.11,1,443.511,2.81172,2,8
Cc1cc(CNCc2nncn2C)ccc1-c1ncn(C)c1-c1ccc2c(c1)OCC(=O)N2,CHEMBL5532583,6.599997654,251.19,1,443.511,2.81172,2,8
Cc1cc(CNc2ccccc2)cc(C)c1-c1ncn(C)c1-c1ccc2c(c1)OCC(=O)N2,CHEMBL5565515,6.399996913,398.11,1,438.531,5.31394,2,5
Cc1cc(CO)cc(C)c1-c1ncn(C)c1-c1ccc(C#N)c2ccccc12,CHEMBL5207125,4.859806321,13810,0,367.452,4.88812,1,4
Cc1cc(F)c(F)cc1-c1cc(Cn2cnc3c(N)ncnc32)c(N2CCC[C@](N)([C@@H](O)C(F)F)C2)cn1,CHEMBL5956697,8.259637311,5.5,1,530.53,3.02912,3,9
Cc1cc(N)cc(C)c1-c1ncn(C)c1-c1ccc(C#N)c2ccccc12,CHEMBL5192019,4.976336082,10560,0,352.441,4.97802,1,4
Cc1cc([C@@]2(N)CCCN(c3cnc(-c4ccc(F)c(F)c4)cc3Cn3cnc4c(N)ncnc43)C2)ccn1,CHEMBL6051579,6.279840697,525,1,527.583,3.95482,2,9
Cc1cc([C@@]2(N)CCCN(c3cnc(-c4ccc(F)c(F)c4)cc3Cn3cnc4c(N)ncnc43)C2)no1,CHEMBL6061314,8.259637311,5.5,1,517.544,3.54782,2,10
Cc1cc2c(cnn2C)cc1-c1cc(Cn2cnc3c(N)ncnc32)c(N2CCC[C@](N)([C@@H](O)C(F)F)C2)cn1,CHEMBL6024748,6.279840697,525,1,548.602,2.63762,3,11
Cc1ccc(-c2cc(Cn3cnc4c(N)ncnc43)c(N3CCCC(N)(c4cccc(Cl)n4)C3)cn2)cn1,CHEMBL5836082,6.279840697,525,1,527.036,3.72502,2,10
Cc1ccc(-c2cc(Cn3cnc4c(N)ncnc43)c(N3CCC[C@](N)([C@@H](O)C(F)F)C3)cn2)c(C)c1,CHEMBL5877276,8.259637311,5.5,1,508.577,3.05934,3,9
Cc1ccc(C(=O)Nc2ccc(S(=O)(=O)O)c3cc(S(=O)(=O)O)cc(S(=O)(=O)O)c23)cc1NC(=O)c1cccc(NC(=O)Nc2cccc(C(=O)Nc3cc(C(=O)Nc4ccc(S(=O)(=O)O)c5cc(S(=O)(=O)O)cc(S(=O)(=O)O)c45)ccc3C)c2)c1,CHEMBL265502,4.677780705,21000,0,1297.302,6.74324,12,17
Cc1ccc(C(=O)Nc2ccccc2)cc1-c1ncn(C)c1-c1ccc2c(c1)OCC(=O)N2,CHEMBL5562663,6.699991797,199.53,1,438.487,4.64572,2,5
Cc1ccc(C(N)=O)cc1-c1ncn(C)c1-c1ccc2c(c1)OCC(=O)N2,CHEMBL5555145,6.299997603,501.19,1,362.389,2.49232,2,5
Cc1ccc(CN)cc1-c1ncn(C)c1-c1ccc2c(c1)OCC(=O)N2,CHEMBL5517868,7.100015437,79.43,1,348.406,2.85212,2,5
Cc1ccc(CN2CCCCC2)cc1-c1cnn(C)c1-c1ccc2c(c1)OCC(=O)N2,CHEMBL5556168,6.699991797,199.53,1,416.525,4.37932,1,5
Cc1ccc(CN2CCCCC2)cc1-c1ncn(C)c1-c1ccc2c(c1)OCC(=O)N2,CHEMBL5562340,7.7000571,19.95,1,416.525,4.37932,1,5
Cc1ccc(CN2CCCCC2)cc1-c1noc(C)c1-c1ccc2c(c1)OCC(=O)N2,CHEMBL5559507,8.299989232,5.1455,1,417.509,4.94224,1,5
Cc1ccc(CN2CCCCC2)cc1-c1nsc(C)c1-c1ccc2c(c1)OCC(=O)N2,CHEMBL5566275,7.599980365,25.12,1,433.577,5.41074,1,5
Cc1ccc(CN2CCCCC2)cc1-c1onc(C)c1-c1ccc2c(c1)OCC(=O)N2,CHEMBL5542423,7.400007822,39.81,1,417.509,4.94224,1,5
Cc1ccc(CNC[C@@H]2CCO2)cc1-c1ncn(C)c1-c1ccc2c(c1)OCC(=O)N2,CHEMBL5517660,7.299988938,50.12,1,418.497,3.27192,2,6
Cc1ccc(CNC[C@H]2CCO2)cc1-c1ncn(C)c1-c1ccc2c(c1)OCC(=O)N2,CHEMBL5556330,7,100,1,418.497,3.27192,2,6
Cc1ccc(CNc2cccnc2)cc1-c1ncn(C)c1-c1ccc2c(c1)OCC(=O)N2,CHEMBL5559177,7.199970641,63.1,1,425.492,4.40052,2,6
Cc1ccc(CO)cc1-c1ncn(C)c1-c1ccc2c(c1)OCC(=O)N2,CHEMBL6067694,6.199998172,630.96,1,349.39,2.88572,2,5
Cc1ccc(F)c2cc(C(=O)N[C@@H]3CCC[C@H](N4CC[C@H](N(C)S(C)(=O)=O)C4)C3)[nH]c12,CHEMBL5091591,8.096910013,8,1,450.58,2.62212,2,4
Cc1ccc(F)c2cc(C(=O)Nc3cccc(N4CCC(N(C)C)CC4)c3)[nH]c12,CHEMBL5076615,8,10,1,394.494,4.39812,2,3
Cc1cccc(C2(N)CCCN(c3cnc(C4CC4)cc3Cn3cnc4c(N)nccc43)C2)n1,CHEMBL5848456,6.279840697,525,1,454.582,3.49202,2,8
Cc1cccc(C[C@@]2(N)CCCN(c3cnc(-c4ccc(F)c(F)c4)cc3Cn3cnc4c(N)ncnc43)C2)n1,CHEMBL5861904,8.259637311,5.5,1,541.61,4.04082,2,9
Cc1cccc([C@@]2(N)CCCN(c3cnc(-c4ccc(F)c(F)c4)cc3Cn3cnc4c(N)ncnc43)C2)[n+]1[O-],CHEMBL6036115,6.279840697,525,1,543.582,3.19322,2,9
Cc1cccc([C@@]2(N)CCCN(c3cnc(-c4ccc(F)cc4)cc3Cn3cnc4c(N)nccc43)C2)n1,CHEMBL5986779,8.259637311,5.5,1,508.605,4.42072,2,8
Cc1cccc2cc(C(=O)NC3CCC(N)CC3)[nH]c12,CHEMBL5592690,3.779891912,166000,0,271.364,2.47602,3,2
Cc1cccc2cc(C(=O)NC3CCC(NC(=O)CCN)CC3)[nH]c12,CHEMBL5591077,4.655607726,22100,0,342.443,1.98232,4,3
Cc1cccc2cc(C(=O)Nc3ccccc3)[nH]c12,CHEMBL5592110,5.372634143,4240,0,250.301,3.72862,2,1
Cc1ccccc1-c1ncn(C)c1-c1ccc2c(c1)OCC(=O)N2,CHEMBL5560105,6.199998172,630.96,1,319.364,3.39342,1,4
Cc1cccnc1C(NC(=O)c1cc2c(F)ccc(C)c2[nH]1)C1CC1,CHEMBL5085128,6.22184875,600,1,337.398,4.19994,2,2
Cc1cccnc1C(NC(=O)c1cc2cccc(C)c2[nH]1)C1CC1,CHEMBL5085724,5.511449283,3080,0,319.408,4.06084,2,2
Cc1cncc([C@@]2(N)CCCN(c3cnc(-c4ccc(F)c(F)c4)cc3Cn3cnc4c(N)ncnc43)C2)n1,CHEMBL5944604,6.279840697,525,1,528.571,3.34982,2,10
Cc1nc([C@@]2(N)CCCN(c3cnc(-c4ccc(F)cc4)cc3Cn3cnc4c(N)ncnc43)C2)ccc1F,CHEMBL5923401,8.259637311,5.5,1,527.583,3.95482,2,9
Cc1nnc(CNCc2ccc(-c3ncn(C)c3-c3ccc4c(c3)OCC(=O)N4)c(C)c2)o1,CHEMBL5532365,6.199998172,630.96,1,444.495,3.37464,2,8
Cn1c(N)c(C#N)c2cc(Oc3ccc(NC(=O)CN)cc3)ccc21,CHEMBL3422653,4.327902142,47000,0,335.367,2.32168,3,6
Cn1cc(C2(N)CCCN(c3cnc(-c4ccc(F)c(F)c4)cc3Cn3cnc4c(N)nccc43)C2)cn1,CHEMBL6026936,6.279840697,525,1,515.572,3.5899,2,9
Cn1cc(C2(N)CCCN(c3cnc(-c4ccc(F)c(F)c4)cc3Cn3cnc4c(N)ncnc43)C2)nn1,CHEMBL6003325,6.279840697,525,1,517.548,2.3799,2,11
Cn1cc([C@@]2(N)CCCN(c3cnc(-c4ccc(N)c(F)c4)cc3Cn3cnc4c(N)ncnc43)C2)cn1,CHEMBL5790031,8.259637311,5.5,1,513.585,2.428,3,11
Cn1ccc(C(=O)C2(N)CCCN(c3cnc(-c4ccc(F)c(F)c4)cc3Cn3cnc4c(N)ncnc43)C2)n1,CHEMBL5989654,6.279840697,525,1,544.57,2.7111,2,11
Cn1ccc(C[C@@]2(N)CCCN(c3cnc(-c4ccc(F)c(F)c4)cc3Cn3cnc4c(N)ncnc43)C2)n1,CHEMBL5757623,8.259637311,5.5,1,530.587,3.0709,2,10
Cn1ccc(C[C@@]2(N)CCCN(c3cnc(-c4ccc(F)cc4)cc3Cn3cnc4c(N)ncnc43)C2)n1,CHEMBL5904536,8.259637311,5.5,1,512.597,2.9318,2,10
Cn1cnc(-c2ccc(CN)cc2)c1-c1ccc(C#N)cc1,CHEMBL5172625,4.855425792,13950,0,288.354,3.08448,1,4
Cn1cnc(-c2ccc(CN)cc2C(F)(F)F)c1-c1ccc(C#N)cc1,CHEMBL5183061,5.221125528,6010,0,356.351,4.10328,1,4
Cn1cnc(-c2ccc(CN)cc2Cl)c1-c1ccc(C#N)cc1,CHEMBL5196361,5.21395879,6110,0,322.799,3.73788,1,4
Cn1cnc(-c2ccc(CN)cc2F)c1-c1ccc(C#N)cc1,CHEMBL5194309,4.951169913,11190,0,306.344,3.22358,1,4
Cn1cnc(-c2cccc(C(N)=O)c2)c1-c1ccc2c(c1)OCC(=O)N2,CHEMBL5561556,5.400000186,3981.07,0,348.362,2.1839,2,5
Cn1cnc(-c2ccccc2)c1-c1ccc2c(c1)OCC(=O)N2,CHEMBL5556655,5.499999679,3162.28,0,305.337,3.085,1,4
Cn1cnc2ccc(-c3cc(Cn4cnc5c(N)ncnc54)c(N4CCCC(N)(c5cccc(Cl)n5)C4)cn3)cc21,CHEMBL5907575,6.279840697,525,1,566.073,3.9083,2,11
Cn1ncc([C@H]2CCCN(c3cnc(-c4ccc(F)c(F)c4)cc3Cn3cnc4c(N)nccc43)C2)n1,CHEMBL5809508,8.259637311,5.5,1,501.545,3.9145,1,9
Cn1ncc2cc(-c3cc(Cn4cnc5c(N)ncnc54)c(N4CCCC(N)(c5cccc(Cl)n5)C4)cn3)ccc21,CHEMBL5744448,6.279840697,525,1,566.073,3.9083,2,11
Cn1ncc2cc(-c3cc(Cn4cnc5c(N)ncnc54)c(N4CCC[C@](N)([C@@H](O)C(F)F)C4)cn3)c(F)cc21,CHEMBL5819117,8.259637311,5.5,1,552.565,2.4683,3,11
Cn1ncc2cc(-c3cc(Cn4cnc5c(N)ncnc54)c(N4CCC[C@](N)([C@H](O)C(F)F)C4)cn3)c(F)cc21,CHEMBL5805688,6.279840697,525,1,552.565,2.4683,3,11
Cn1nnc2cc(NC(=O)Nc3cccc([N+](=O)[O-])c3)ccc21,CHEMBL5412139,5.080921908,8300,0,312.289,2.5205,2,6
Cn1nnc2ccc(NC(=O)Nc3cccc([N+](=O)[O-])c3)cc21,CHEMBL5431172,5.080921908,8300,0,312.289,2.5205,2,6
N#Cc1c(N)[nH]c2ccc(OCc3ccccc3)cc12,CHEMBL4280063,4.30980392,49000,0,263.3,3.20078,2,3
N#Cc1c(N)[nH]c2ccc(Oc3ccc(NC(=O)[C@@H](N)CO)cc3)cc12,CHEMBL3422654,4.958607315,11000,0,351.366,1.67218,5,6
N#Cc1c(N)[nH]c2ccc(Oc3ccc(NC(=O)[C@H](N)CO)cc3)cc12,CHEMBL3421643,5.040958608,9100,0,351.366,1.67218,5,6
N#Cc1c(N)n(CC2CC2)c2ccc(Oc3ccc(NC(=O)CN)cc3)cc12,CHEMBL4295161,5.236572006,5800,0,375.432,3.19468,3,6
N#Cc1ccc(-c2cc(Cn3cnc4c(N)ncnc43)c(N3CCCC(N)(c4cccc(Cl)n4)C3)cn2)cc1F,CHEMBL5876171,6.279840697,525,1,555.021,4.03238,2,10
N#Cc1ccc(-c2cc(Cn3cnc4c(N)ncnc43)c(N3CCC[C@@H](N)C3)cn2)cc1Cl,CHEMBL5739997,6.279840697,525,1,459.945,2.97138,2,9
N#Cc1ccc(-c2cc(Cn3cnc4c(N)ncnc43)c(N3CC[C@@H](F)[C@@H](N)C3)cn2)cc1F,CHEMBL5743337,6.279840697,525,1,461.48,2.40508,2,9
N#Cc1ccc(C(=O)N(Cc2cccs2)C2CC2)cc1,CHEMBL4758943,4.761953897,17300,0,282.368,3.42458,0,3
N#Cc1ccc(CNS(=O)(=O)c2cccc3c(N)cccc23)cc1,CHEMBL4850576,4.742321425,18100,0,337.404,2.77218,2,4
N#Cc1ccc(N2N=C3c4ccc(C(=O)O)cc4CC[C@@H]3[C@@H]2C2CCCC2)cc1Cl,CHEMBL1215331,5.119186408,7600,0,419.912,5.25538,1,4
N#Cc1ccc(OCCn2c(O)nc3c(N)ncnc32)cc1,CHEMBL5557059,5.552841969,2800,0,296.29,1.06478,2,8
N#Cc1ccc(OCCn2cnc3c(N)ncnc32)cc1,CHEMBL5564764,5.540607512,2880,0,280.291,1.35918,1,7
N#Cc1ccc(OCCn2cnc3c(N)ncnc32)cc1C#N,CHEMBL5559774,5.244887734,5690,0,305.301,1.23086,1,8
N#Cc1ccc(OCCn2cnc3c(N)ncnc32)cc1Cl,CHEMBL5560651,5.189767482,6460,0,314.736,2.01258,1,7
N#Cc1ccc(OCCn2cnc3c(N)ncnc32)cn1,CHEMBL5564607,5.515700161,3050,0,281.279,0.75418,1,8
N#Cc1cccc(C2(N)CCCN(c3cnc(-c4ccc(F)c(F)c4)cc3Cn3cnc4c(N)ncnc43)C2)n1,CHEMBL5842390,6.279840697,525,1,538.566,3.51808,2,10
N#Cc1cccc(NC(=O)Nc2ccc3nnsc3c2)c1,CHEMBL5393738,5.124938737,7500,0,295.327,3.20698,2,5
NC(=O)C[C@@]1(N)CCCN(c2cnc(-c3ccc(F)c(F)c3)cc2Cn2cnc3c(N)ncnc32)C1,CHEMBL6051170,6.279840697,525,1,493.522,1.9701,3,9
NC(=O)c1cccc(C2(N)CCCN(c3cnc(-c4ccc(F)c(F)c4)cc3Cn3cnc4c(N)ncnc43)C2)n1,CHEMBL5780274,6.279840697,525,1,556.581,2.7453,3,10
NNc1nc2ccccc2nc1S,CHEMBL4874776,5.522878745,3000,0,192.247,1.2041,3,5
N[C@]1(C2CCC(OC(F)F)CC2)CCCN(c2ccc(-c3ccc(F)c(F)c3)nc2)C1,CHEMBL6056541,8.259637311,5.5,1,437.481,5.1225,1,4
Nc1cccc2c(C(=O)NCc3ccccc3)cccc12,CHEMBL4875973,4.71219827,19400,0,276.339,3.352,2,2
Nc1cccc2c(S(=O)(=O)NC3CC3c3ccccc3)cccc12,CHEMBL4860747,4.701146924,19900,0,338.432,3.2564,2,3
Nc1cccc2c(S(=O)(=O)NCCc3ccccc3)cccc12,CHEMBL4870938,4.812479279,15400,0,326.421,2.943,2,3
Nc1cccc2c(S(=O)(=O)NCc3ccc(C(F)(F)F)cc3)cccc12,CHEMBL4877005,4.982966661,10400,0,380.391,3.9193,2,3
Nc1cccc2c(S(=O)(=O)NCc3ccc(F)cc3)cccc12,CHEMBL4858012,4.850780887,14100,0,330.384,3.0396,2,3
Nc1cccc2c(S(=O)(=O)NCc3ccccc3)cccc12,CHEMBL4854710,5.568636236,2700,0,312.394,2.9005,2,3
Nc1cccc2c(S(=O)(=O)NCc3cccs3)cccc12,CHEMBL4853865,4.585026652,26000,0,318.423,2.962,2,4
Nc1cccc2c(S(=O)(=O)NCc3ccncc3)cccc12,CHEMBL4852059,5.568636236,2700,0,313.382,2.2955,2,4
Nc1nccc2c1ncn2Cc1cc(-c2ccc(F)c(F)c2)ncc1N1CCC[C@](N)(c2cccc(C(F)F)n2)C1,CHEMBL5905421,6.279840697,525,1,562.575,5.189,2,8
Nc1nccc2c1ncn2Cc1cc(-c2ccc(F)cc2)ncc1N1CCCC(N)(c2ccccn2)C1,CHEMBL6021723,8.259637311,5.5,1,494.578,4.1123,2,8
Nc1nccc2c1ncn2Cc1cc(-c2ccc(F)cc2)ncc1N1CCCC(N)(c2ccn(C3CC3)n2)C1,CHEMBL5976420,8.259637311,5.5,1,523.62,4.2487,2,9
Nc1nccc2c1ncn2Cc1cc(-c2ccc(F)cc2)ncc1N1CCC[C@H](c2ccn(C(F)F)n2)C1,CHEMBL5774296,8.259637311,5.5,1,518.547,5.2385,1,8
Nc1nccc2c1ncn2Cc1cc(C2CCC2)ncc1N1CCCC(N)(c2cccc(Cl)n2)C1,CHEMBL5823447,6.279840697,525,1,489.027,4.2271,2,8
Nc1ncnc2c1ncn2CCOc1ccc(Br)c(F)c1,CHEMBL5558815,5.443697499,3600,0,352.167,2.3891,1,6
Nc1ncnc2c1ncn2CCOc1ccc(Br)cc1,CHEMBL5542461,6.091514981,810,1,334.177,2.25,1,6
Nc1ncnc2c1ncn2CCOc1ccc(Br)cc1F,CHEMBL5564456,4.537003388,29040,0,352.167,2.3891,1,6
Nc1ncnc2c1ncn2CCOc1ccc(C(F)(F)F)cc1,CHEMBL5567265,4.657182685,22020,0,323.278,2.5063,1,6
Nc1ncnc2c1ncn2CCOc1ccc(Cl)cc1,CHEMBL5560302,6.13667714,730,1,289.726,2.1409,1,6
Nc1ncnc2c1ncn2CCOc1ccc(F)cc1,CHEMBL5532318,5.13076828,7400,0,273.271,1.6266,1,6
Nc1ncnc2c1ncn2CCOc1ccc(I)cc1,CHEMBL5560642,5.351639989,4450,0,381.177,2.0921,1,6
Nc1ncnc2c1ncn2Cc1c(N2CCC[C@](N)([C@H](O)C(F)F)C2)cnc(-c2ccc(F)cc2F)c1F,CHEMBL5740930,6.279840697,525,1,534.493,2.8598,3,9
Nc1ncnc2c1ncn2Cc1cc(-c2cc(F)c(C(F)F)cc2F)ncc1N1CCC[C@](N)([C@@H](O)C(F)F)C1,CHEMBL6024457,6.279840697,525,1,566.51,3.6583,3,9
Nc1ncnc2c1ncn2Cc1cc(-c2cc(F)c(C(F)F)cc2F)ncc1N1CCC[C@](N)([C@H](O)C(F)F)C1,CHEMBL5947764,8.259637311,5.5,1,566.51,3.6583,3,9
Nc1ncnc2c1ncn2Cc1cc(-c2cc(F)c(F)cc2C(F)F)ncc1N1CCC[C@](N)([C@@H](O)C(F)F)C1,CHEMBL5969041,6.279840697,525,1,566.51,3.6583,3,9
Nc1ncnc2c1ncn2Cc1cc(-c2cc(F)c(F)cc2C(F)F)ncc1N1CCC[C@](N)([C@@H]2COCCO2)C1,CHEMBL5824004,6.279840697,525,1,572.567,3.4477,2,10
Nc1ncnc2c1ncn2Cc1cc(-c2cc(F)c(F)cc2C(F)F)ncc1N1CCC[C@](N)([C@H](O)C(F)F)C1,CHEMBL5793280,6.279840697,525,1,566.51,3.6583,3,9
Nc1ncnc2c1ncn2Cc1cc(-c2cc(F)c(F)cc2F)ncc1N1CCC[C@](N)([C@@H](F)CO)C1,CHEMBL6002294,8.259637311,5.5,1,516.503,2.5642,3,9
Nc1ncnc2c1ncn2Cc1cc(-c2cc(F)c(F)cc2F)ncc1N1CCC[C@](N)([C@@H](O)C(F)F)C1,CHEMBL5425629,8.259637311,5.5,1,534.493,2.8598,3,9
Nc1ncnc2c1ncn2Cc1cc(-c2cc(F)c(F)cc2F)ncc1N1CCC[C@](N)([C@@H]2COCCO2)C1,CHEMBL6043431,6.279840697,525,1,540.55,2.6492,2,10
Nc1ncnc2c1ncn2Cc1cc(-c2cc(F)c(F)cc2F)ncc1N1CCC[C@](N)([C@H](O)C(F)F)C1,CHEMBL5755701,8.259637311,5.5,1,534.493,2.8598,3,9
Nc1ncnc2c1ncn2Cc1cc(-c2cc(F)c(F)cc2F)ncc1N1CCC[C@](N)(c2cccc(Cl)n2)C1,CHEMBL5911792,6.279840697,525,1,565.991,4.4389,2,9
Nc1ncnc2c1ncn2Cc1cc(-c2cc(F)c(O)cc2F)ncc1N1CCC[C@](N)([C@H](O)C(F)F)C1,CHEMBL6053114,6.279840697,525,1,532.502,2.4263,4,10
Nc1ncnc2c1ncn2Cc1cc(-c2cc(F)c(OC(F)F)cc2F)ncc1N1CCC[C@](N)([C@@H](O)C(F)F)C1,CHEMBL5806551,6.279840697,525,1,582.509,3.3221,3,10
Nc1ncnc2c1ncn2Cc1cc(-c2cc(F)c(OC(F)F)cc2F)ncc1N1CCC[C@](N)([C@H](O)C(F)F)C1,CHEMBL5836309,8.259637311,5.5,1,582.509,3.3221,3,10
Nc1ncnc2c1ncn2Cc1cc(-c2cc(F)cc(C(F)F)c2F)ncc1N1CCC[C@](N)([C@@H](O)C(F)F)C1,CHEMBL5877953,6.279840697,525,1,566.51,3.6583,3,9
Nc1ncnc2c1ncn2Cc1cc(-c2ccc(C(F)(F)F)cc2F)ncc1N1CCC[C@](N)([C@@H](O)C(F)F)C1,CHEMBL5869350,6.279840697,525,1,566.51,3.6004,3,9
Nc1ncnc2c1ncn2Cc1cc(-c2ccc(C(F)F)cc2F)ncc1N1CCC[C@](N)([C@@H](O)C(F)F)C1,CHEMBL5930980,8.259637311,5.5,1,548.52,3.5192,3,9
Nc1ncnc2c1ncn2Cc1cc(-c2ccc(C(F)F)cc2F)ncc1N1CCC[C@](N)([C@H](O)C(F)F)C1,CHEMBL5995917,6.279840697,525,1,548.52,3.5192,3,9
Nc1ncnc2c1ncn2Cc1cc(-c2ccc(CNC(=O)CCl)cc2)ncc1N1CCCC(N)(CC(F)F)C1,CHEMBL5994690,6.279840697,525,1,570.048,3.3267,3,9
Nc1ncnc2c1ncn2Cc1cc(-c2ccc(Cl)c(F)c2)ncc1N1CCC[C@](N)([C@@H](O)C(F)F)C1,CHEMBL5946316,8.259637311,5.5,1,532.958,3.235,3,9
Nc1ncnc2c1ncn2Cc1cc(-c2ccc(Cl)c(F)c2)ncc1N1CCC[C@](N)([C@H](O)C(F)F)C1,CHEMBL5837886,6.279840697,525,1,532.958,3.235,3,9
Nc1ncnc2c1ncn2Cc1cc(-c2ccc(Cl)cc2F)ncc1N1CCC[C@](N)([C@@H](O)C(F)F)C1,CHEMBL5987135,6.279840697,525,1,532.958,3.235,3,9
Nc1ncnc2c1ncn2Cc1cc(-c2ccc(Cl)cc2F)ncc1N1CCC[C@](N)([C@H](O)C(F)F)C1,CHEMBL5791450,6.279840697,525,1,532.958,3.235,3,9
Nc1ncnc2c1ncn2Cc1cc(-c2ccc(F)c(Cl)c2)ncc1N1CCC[C@](N)([C@@H](O)C(F)F)C1,CHEMBL5749148,8.259637311,5.5,1,532.958,3.235,3,9
Nc1ncnc2c1ncn2Cc1cc(-c2ccc(F)c(Cl)c2)ncc1N1CCC[C@](N)([C@H](O)C(F)F)C1,CHEMBL5852912,6.279840697,525,1,532.958,3.235,3,9
Nc1ncnc2c1ncn2Cc1cc(-c2ccc(F)c(Cl)n2)ncc1N1CCC[C@](N)([C@@H](O)C(F)F)C1,CHEMBL5747031,6.279840697,525,1,533.946,2.63,3,10
Nc1ncnc2c1ncn2Cc1cc(-c2ccc(F)c(Cl)n2)ncc1N1CCC[C@](N)([C@H](O)C(F)F)C1,CHEMBL5757933,6.279840697,525,1,533.946,2.63,3,10
Nc1ncnc2c1ncn2Cc1cc(-c2ccc(F)c(Cl)n2)ncc1N1CCC[C@](N)(c2cccc(Cl)n2)C1,CHEMBL5968345,6.279840697,525,1,565.444,4.2091,2,10
Nc1ncnc2c1ncn2Cc1cc(-c2ccc(F)c(F)c2)ncc1C1CCC[C@](N)(c2nc(Cl)ccc2F)C1,CHEMBL5872075,6.279840697,525,1,565.003,5.4963,2,8
Nc1ncnc2c1ncn2Cc1cc(-c2ccc(F)c(F)c2)ncc1N1CCC(O)C(N)(CC(F)F)C1,CHEMBL5782470,6.279840697,525,1,516.503,2.7207,3,9
Nc1ncnc2c1ncn2Cc1cc(-c2ccc(F)c(F)c2)ncc1N1CCCC(N)(C(=O)C2CCC2)C1,CHEMBL5795989,6.279840697,525,1,518.572,3.4639,2,9
Nc1ncnc2c1ncn2Cc1cc(-c2ccc(F)c(F)c2)ncc1N1CCCC(N)(C(=O)C2CCCC2)C1,CHEMBL5791245,8.259637311,5.5,1,532.599,3.854,2,9
Nc1ncnc2c1ncn2Cc1cc(-c2ccc(F)c(F)c2)ncc1N1CCCC(N)(C(=O)C2CCOCC2)C1,CHEMBL5773444,6.279840697,525,1,548.598,3.0904,2,10
Nc1ncnc2c1ncn2Cc1cc(-c2ccc(F)c(F)c2)ncc1N1CCCC(N)(C(=O)N2CCCCC2)C1,CHEMBL5827527,6.279840697,525,1,547.614,3.1072,2,9
Nc1ncnc2c1ncn2Cc1cc(-c2ccc(F)c(F)c2)ncc1N1CCCC(N)(C(=O)NC2CCOC2)C1,CHEMBL5992023,6.279840697,525,1,549.586,1.9998,3,10
Nc1ncnc2c1ncn2Cc1cc(-c2ccc(F)c(F)c2)ncc1N1CCCC(N)(C(F)C(F)(F)F)C1,CHEMBL6022550,6.279840697,525,1,536.484,3.9951,2,8
Nc1ncnc2c1ncn2Cc1cc(-c2ccc(F)c(F)c2)ncc1N1CCCC(N)(C(F)CF)C1,CHEMBL5973132,6.279840697,525,1,500.504,3.4023,2,8
Nc1ncnc2c1ncn2Cc1cc(-c2ccc(F)c(F)c2)ncc1N1CCCC(N)(C=C(F)F)C1,CHEMBL6056845,6.279840697,525,1,498.488,3.8751,2,8
Nc1ncnc2c1ncn2Cc1cc(-c2ccc(F)c(F)c2)ncc1N1CCCC(N)(Cc2cccc(F)n2)C1,CHEMBL5775222,6.279840697,525,1,545.573,3.8715,2,9
Nc1ncnc2c1ncn2Cc1cc(-c2ccc(F)c(F)c2)ncc1N1CCCC(N)(c2ccc(Cl)nn2)C1,CHEMBL5806078,8.259637311,5.5,1,548.989,3.6948,2,10
Nc1ncnc2c1ncn2Cc1cc(-c2ccc(F)c(F)c2)ncc1N1CCCC(N)(c2ccc(O)c(F)n2)C1,CHEMBL5800609,6.279840697,525,1,547.545,3.4911,3,10
Nc1ncnc2c1ncn2Cc1cc(-c2ccc(F)c(F)c2)ncc1N1CCCC(N)(c2cccc(F)n2)C1,CHEMBL5800839,6.279840697,525,1,531.546,3.7855,2,9
Nc1ncnc2c1ncn2Cc1cc(-c2ccc(F)c(F)c2)ncc1N1CCCC(N)(c2cccnn2)C1,CHEMBL5899203,6.279840697,525,1,514.544,3.0414,2,10
Nc1ncnc2c1ncn2Cc1cc(-c2ccc(F)c(F)c2)ncc1N1CCCC(N)(c2ccn(C3CC3)n2)C1,CHEMBL5913099,8.259637311,5.5,1,542.598,3.7828,2,10
Nc1ncnc2c1ncn2Cc1cc(-c2ccc(F)c(F)c2)ncc1N1CCCC(N)(c2ccncn2)C1,CHEMBL5955436,6.279840697,525,1,514.544,3.0414,2,10
Nc1ncnc2c1ncn2Cc1cc(-c2ccc(F)c(F)c2)ncc1N1CCCC(N)(c2cncc(Cl)n2)C1,CHEMBL5750600,6.279840697,525,1,548.989,3.6948,2,10
Nc1ncnc2c1ncn2Cc1cc(-c2ccc(F)c(F)c2)ncc1N1CCCC(N)(c2cnccn2)C1,CHEMBL5900770,6.279840697,525,1,514.544,3.0414,2,10
Nc1ncnc2c1ncn2Cc1cc(-c2ccc(F)c(F)c2)ncc1N1CCC[C@@H](N)[C@@H]1Cn1cccn1,CHEMBL5882358,6.279840697,525,1,516.56,2.9898,2,10
Nc1ncnc2c1ncn2Cc1cc(-c2ccc(F)c(F)c2)ncc1N1CCC[C@@H](N)[C@H]1CCO,CHEMBL6038055,6.279840697,525,1,480.523,2.4755,3,9
Nc1ncnc2c1ncn2Cc1cc(-c2ccc(F)c(F)c2)ncc1N1CCC[C@@H](N)[C@H]1CO,CHEMBL5800936,6.279840697,525,1,466.496,2.0854,3,9
Nc1ncnc2c1ncn2Cc1cc(-c2ccc(F)c(F)c2)ncc1N1CCC[C@@H](N)[C@H]1COC(F)F,CHEMBL6009913,6.279840697,525,1,516.503,3.3323,2,9
Nc1ncnc2c1ncn2Cc1cc(-c2ccc(F)c(F)c2)ncc1N1CCC[C@@H](N)[C@H]1COCC(F)F,CHEMBL5778380,6.279840697,525,1,530.53,3.3748,2,9
Nc1ncnc2c1ncn2Cc1cc(-c2ccc(F)c(F)c2)ncc1N1CCC[C@](N)(C(=O)N2CCCC2)C1,CHEMBL5786723,6.279840697,525,1,533.587,2.7171,2,9
Nc1ncnc2c1ncn2Cc1cc(-c2ccc(F)c(F)c2)ncc1N1CCC[C@](N)(C(=O)NC2CCOCC2)C1,CHEMBL6055973,6.279840697,525,1,563.613,2.3899,3,10
Nc1ncnc2c1ncn2Cc1cc(-c2ccc(F)c(F)c2)ncc1N1CCC[C@](N)(CC(F)F)C1,CHEMBL5748028,6.279840697,525,1,500.504,3.7499,2,8
Nc1ncnc2c1ncn2Cc1cc(-c2ccc(F)c(F)c2)ncc1N1CCC[C@](N)(COC(F)F)C1,CHEMBL5849834,6.279840697,525,1,516.503,3.3339,2,9
Nc1ncnc2c1ncn2Cc1cc(-c2ccc(F)c(F)c2)ncc1N1CCC[C@](N)(COC2CCC2)C1,CHEMBL6063007,8.259637311,5.5,1,520.588,3.6638,2,9
Nc1ncnc2c1ncn2Cc1cc(-c2ccc(F)c(F)c2)ncc1N1CCC[C@](N)(COCC(F)(F)F)C1,CHEMBL5783508,6.279840697,525,1,548.52,3.6736,2,9
Nc1ncnc2c1ncn2Cc1cc(-c2ccc(F)c(F)c2)ncc1N1CCC[C@](N)(Cc2ccccn2)C1,CHEMBL5995187,8.259637311,5.5,1,527.583,3.7324,2,9
Nc1ncnc2c1ncn2Cc1cc(-c2ccc(F)c(F)c2)ncc1N1CCC[C@](N)(Cc2cnccn2)C1,CHEMBL5804223,6.279840697,525,1,528.571,3.1274,2,10
Nc1ncnc2c1ncn2Cc1cc(-c2ccc(F)c(F)c2)ncc1N1CCC[C@](N)(Cc2ncco2)C1,CHEMBL5839336,7.269739004,265.25,1,517.544,3.3254,2,10
Nc1ncnc2c1ncn2Cc1cc(-c2ccc(F)c(F)c2)ncc1N1CCC[C@](N)(Cc2nccs2)C1,CHEMBL5954725,8.259637311,5.5,1,533.612,3.7939,2,10
Nc1ncnc2c1ncn2Cc1cc(-c2ccc(F)c(F)c2)ncc1N1CCC[C@](N)([C@@H](F)CO)C1,CHEMBL5927688,8.259637311,5.5,1,498.513,2.4251,3,9
Nc1ncnc2c1ncn2Cc1cc(-c2ccc(F)c(F)c2)ncc1N1CCC[C@](N)([C@@H](O)C(F)F)C1,CHEMBL5845295,6.279840697,525,1,516.503,2.7207,3,9
Nc1ncnc2c1ncn2Cc1cc(-c2ccc(F)c(F)c2)ncc1N1CCC[C@](N)([C@H](F)c2ccccn2)C1,CHEMBL5909782,8.259637311,5.5,1,545.573,4.2005,2,9
Nc1ncnc2c1ncn2Cc1cc(-c2ccc(F)c(F)c2)ncc1N1CCC[C@](N)([C@H](O)C(F)(F)F)C1,CHEMBL5757864,6.279840697,525,1,534.493,3.0179,3,9
Nc1ncnc2c1ncn2Cc1cc(-c2ccc(F)c(F)c2)ncc1N1CCC[C@](N)([C@H](O)C(F)F)C1,CHEMBL5835581,6.279840697,525,1,516.503,2.7207,3,9
Nc1ncnc2c1ncn2Cc1cc(-c2ccc(F)c(F)c2)ncc1N1CCC[C@](N)(c2cc(O)cc(Cl)n2)C1,CHEMBL5895248,8.259637311,5.5,1,564,4.0054,3,10
Nc1ncnc2c1ncn2Cc1cc(-c2ccc(F)c(F)c2)ncc1N1CCC[C@](N)(c2cc(O)cc(F)n2)C1,CHEMBL5911459,8.259637311,5.5,1,547.545,3.4911,3,10
Nc1ncnc2c1ncn2Cc1cc(-c2ccc(F)c(F)c2)ncc1N1CCC[C@](N)(c2ccc[nH]c2=O)C1,CHEMBL5985357,8.259637311,5.5,1,529.555,2.9397,3,9
Nc1ncnc2c1ncn2Cc1cc(-c2ccc(F)c(F)c2)ncc1N1CCC[C@](N)(c2cccc(C(F)F)n2)C1,CHEMBL5900203,6.279840697,525,1,563.563,4.584,2,9
Nc1ncnc2c1ncn2Cc1cc(-c2ccc(F)c(F)c2)ncc1N1CCC[C@](N)(c2cccc(CF)n2)C1,CHEMBL5785679,8.259637311,5.5,1,545.573,4.1159,2,9
Nc1ncnc2c1ncn2Cc1cc(-c2ccc(F)c(F)c2)ncc1N1CCC[C@](N)(c2cccc(Cl)n2)C1,CHEMBL5781540,8.259637311,5.5,1,548.001,4.2998,2,9
Nc1ncnc2c1ncn2Cc1cc(-c2ccc(F)c(F)c2)ncc1N1CCC[C@](N)(c2cccc(F)n2)C1,CHEMBL5783327,8.259637311,5.5,1,531.546,3.7855,2,9
Nc1ncnc2c1ncn2Cc1cc(-c2ccc(F)c(F)c2)ncc1N1CCC[C@](N)(c2cccc(O)n2)C1,CHEMBL6054849,8.259637311,5.5,1,529.555,3.352,3,10
Nc1ncnc2c1ncn2Cc1cc(-c2ccc(F)c(F)c2)ncc1N1CCC[C@](N)(c2ccccn2)C1,CHEMBL5422710,7.744727495,18,1,513.556,3.6464,2,9
Nc1ncnc2c1ncn2Cc1cc(-c2ccc(F)c(F)c2)ncc1N1CCC[C@](N)(c2ccnc(Cl)c2)C1,CHEMBL6030920,6.279840697,525,1,548.001,4.2998,2,9
Nc1ncnc2c1ncn2Cc1cc(-c2ccc(F)c(F)c2)ncc1N1CCC[C@](N)(c2ccncc2)C1,CHEMBL6026048,6.279840697,525,1,513.556,3.6464,2,9
Nc1ncnc2c1ncn2Cc1cc(-c2ccc(F)c(F)c2)ncc1N1CCC[C@](N)(c2ccncc2F)C1,CHEMBL5780578,6.279840697,525,1,531.546,3.7855,2,9
Nc1ncnc2c1ncn2Cc1cc(-c2ccc(F)c(F)c2)ncc1N1CCC[C@](N)(c2nc(F)ccc2O)C1,CHEMBL6051036,8.259637311,5.5,1,547.545,3.4911,3,10
Nc1ncnc2c1ncn2Cc1cc(-c2ccc(F)c(F)c2)ncc1N1CCC[C@](N)(c2ncccc2F)C1,CHEMBL5769385,8.259637311,5.5,1,531.546,3.7855,2,9
Nc1ncnc2c1ncn2Cc1cc(-c2ccc(F)c(F)c2)ncc1N1CCC[C@]2(COC(=O)N2)C1,CHEMBL6061891,6.279840697,525,1,492.49,2.8758,2,9
Nc1ncnc2c1ncn2Cc1cc(-c2ccc(F)c(F)c2)ncc1N1CC[C@@H](O)[C@@H](N)C1,CHEMBL6024604,6.279840697,525,1,452.469,1.6953,3,9
Nc1ncnc2c1ncn2Cc1cc(-c2ccc(F)c(F)c2)ncc1N1CC[C@@H](O)[C@](N)(c2cccc(Cl)n2)C1,CHEMBL5860352,6.279840697,525,1,564,3.2706,3,10
Nc1ncnc2c1ncn2Cc1cc(-c2ccc(F)c(F)c2)ncc1N1C[C@H](N)C[C@H](F)C1,CHEMBL5762362,6.279840697,525,1,454.46,2.6725,2,8
Nc1ncnc2c1ncn2Cc1cc(-c2ccc(F)c(F)c2C(F)F)ncc1N1CCC[C@](N)([C@@H](O)C(F)F)C1,CHEMBL6004393,6.279840697,525,1,566.51,3.6583,3,9
Nc1ncnc2c1ncn2Cc1cc(-c2ccc(F)c(F)c2F)ncc1N1CCC[C@](N)([C@@H](O)C(F)F)C1,CHEMBL5903363,6.279840697,525,1,534.493,2.8598,3,9
Nc1ncnc2c1ncn2Cc1cc(-c2ccc(F)cc2)ncc1N1CCCC(N)(c2ccc(F)c(CF)n2)C1,CHEMBL5889889,6.279840697,525,1,545.573,4.1159,2,9
Nc1ncnc2c1ncn2Cc1cc(-c2ccc(F)cc2)ncc1N1CCCC(N)(c2ccc(F)cn2)C1,CHEMBL5898420,6.279840697,525,1,513.556,3.6464,2,9
Nc1ncnc2c1ncn2Cc1cc(-c2ccc(F)cc2)ncc1N1CCCC(N)(c2cccc(Cl)n2)C1,CHEMBL5761264,8.259637311,5.5,1,530.011,4.1607,2,9
Nc1ncnc2c1ncn2Cc1cc(-c2ccc(F)cc2)ncc1N1CCCC(N)(c2csc(Cl)n2)C1,CHEMBL5883713,6.279840697,525,1,536.04,4.2222,2,10
Nc1ncnc2c1ncn2Cc1cc(-c2ccc(F)cc2)ncc1N1CCC[C@](N)(CC(F)F)C1,CHEMBL6046403,6.279840697,525,1,482.514,3.6108,2,8
Nc1ncnc2c1ncn2Cc1cc(-c2ccc(F)cc2)ncc1N1CCC[C@](N)(COC(F)F)C1,CHEMBL5858970,6.279840697,525,1,498.513,3.1948,2,9
Nc1ncnc2c1ncn2Cc1cc(-c2ccc(F)cc2)ncc1N1CCC[C@](N)(COC2CCC2)C1,CHEMBL6021195,6.279840697,525,1,502.598,3.5247,2,9
Nc1ncnc2c1ncn2Cc1cc(-c2ccc(F)cc2)ncc1N1CCC[C@](N)(COCC(F)(F)F)C1,CHEMBL6031282,6.279840697,525,1,530.53,3.5345,2,9
Nc1ncnc2c1ncn2Cc1cc(-c2ccc(F)cc2)ncc1N1CCC[C@](N)(c2ccc(F)c(C(F)F)n2)C1,CHEMBL5878449,6.279840697,525,1,563.563,4.584,2,9
Nc1ncnc2c1ncn2Cc1cc(-c2ccc(F)cc2)ncc1N1CCC[C@](N)(c2ccc(F)c(Cl)n2)C1,CHEMBL5857900,8.259637311,5.5,1,548.001,4.2998,2,9
Nc1ncnc2c1ncn2Cc1cc(-c2ccc(F)cc2)ncc1N1CCC[C@](N)(c2cccc(C(F)F)n2)C1,CHEMBL5788218,8.259637311,5.5,1,545.573,4.4449,2,9
Nc1ncnc2c1ncn2Cc1cc(-c2ccc(F)cc2)ncc1N1CCC[C@](N)(c2cccc(C3CC3)n2)C1,CHEMBL5924462,8.259637311,5.5,1,535.631,4.3847,2,9
Nc1ncnc2c1ncn2Cc1cc(-c2ccc(F)cc2)ncc1N1CCC[C@](N)(c2ccn(C(F)F)n2)C1,CHEMBL5977019,8.259637311,5.5,1,534.55,3.7039,2,10
Nc1ncnc2c1ncn2Cc1cc(-c2ccc(F)cc2C(F)F)ncc1N1CCC[C@](N)([C@@H](O)C(F)F)C1,CHEMBL5998663,8.259637311,5.5,1,548.52,3.5192,3,9
Nc1ncnc2c1ncn2Cc1cc(-c2ccc(F)cc2C(F)F)ncc1N1CCC[C@](N)([C@H](O)C(F)F)C1,CHEMBL5775660,8.259637311,5.5,1,548.52,3.5192,3,9
Nc1ncnc2c1ncn2Cc1cc(-c2ccc(F)cc2F)ncc1N1CCC[C@](N)([C@@H](O)C(F)F)C1,CHEMBL5862327,6.279840697,525,1,516.503,2.7207,3,9
Nc1ncnc2c1ncn2Cc1cc(-c2ccc(F)cc2F)ncc1N1CCC[C@](N)([C@H](O)C(F)F)C1,CHEMBL5792017,6.279840697,525,1,516.503,2.7207,3,9
Nc1ncnc2c1ncn2Cc1cc(-c2ccc(F)cc2F)ncc1N1CCC[C@](N)(c2cccc(Cl)n2)C1,CHEMBL5835114,8.259637311,5.5,1,548.001,4.2998,2,9
Nc1ncnc2c1ncn2Cc1cc(-c2ccc(F)cn2)ncc1N1CCC[C@](N)([C@@H](O)C(F)F)C1,CHEMBL5870811,6.279840697,525,1,499.501,1.9766,3,10
Nc1ncnc2c1ncn2Cc1cc(-c2ccc(F)cn2)ncc1N1CCC[C@](N)(c2cccc(Cl)n2)C1,CHEMBL5769388,6.279840697,525,1,530.999,3.5557,2,10
Nc1ncnc2c1ncn2Cc1cc(-c2ccc(NC(=O)CCBr)cc2)ncc1N1CCCC(N)(CC(F)F)C1,CHEMBL5936890,6.279840697,525,1,614.499,4.1952,3,9
Nc1ncnc2c1ncn2Cc1cc(-c2ccc(OC(F)F)c(F)c2)ncc1N1CCCC(N)(c2cccc(Cl)n2)C1,CHEMBL6056072,6.279840697,525,1,596.017,4.7621,2,10
Nc1ncnc2c1ncn2Cc1cc(-c2ccc(OC(F)F)c(F)c2)ncc1N1CCC[C@](N)([C@@H](O)C(F)F)C1,CHEMBL5955746,8.259637311,5.5,1,564.519,3.183,3,10
Nc1ncnc2c1ncn2Cc1cc(-c2ccc(OC(F)F)c(F)c2)ncc1N1CCC[C@](N)([C@H](O)C(F)F)C1,CHEMBL6044474,8.259637311,5.5,1,564.519,3.183,3,10
Nc1ncnc2c1ncn2Cc1cc(-c2ccc(OC(F)F)cc2)ncc1N1CCCC(N)(c2cccc(Cl)n2)C1,CHEMBL5833489,6.279840697,525,1,578.027,4.623,2,10
Nc1ncnc2c1ncn2Cc1cc(-c2ccc(OC(F)F)cc2F)ncc1N1CCC[C@](N)([C@@H](O)C(F)F)C1,CHEMBL6037787,6.279840697,525,1,564.519,3.183,3,10
Nc1ncnc2c1ncn2Cc1cc(-c2ccc(OC(F)F)cc2F)ncc1N1CCC[C@](N)([C@H](O)C(F)F)C1,CHEMBL6003770,6.279840697,525,1,564.519,3.183,3,10
Nc1ncnc2c1ncn2Cc1cc(-c2ccc3c(c2)CCO3)ncc1N1CCC[C@](N)(c2cccc(Cl)n2)C1,CHEMBL5988113,6.279840697,525,1,554.058,3.9565,2,10
Nc1ncnc2c1ncn2Cc1cc(-c2ccc3c(c2)CCO3)ncc1N1CC[C@@H](F)[C@@H](N)C1,CHEMBL5991772,6.279840697,525,1,460.517,2.3292,2,9
Nc1ncnc2c1ncn2Cc1cc(-c2ccc3c(c2)COC3)ncc1N1CCCC(N)(c2cccc(Cl)n2)C1,CHEMBL5968989,6.279840697,525,1,554.058,4.0518,2,10
Nc1ncnc2c1ncn2Cc1cc(-c2ccc3c(c2)OCO3)ncc1N1CCCC(N)(c2cccc(Cl)n2)C1,CHEMBL6046850,6.279840697,525,1,556.03,3.7503,2,11
Nc1ncnc2c1ncn2Cc1cc(-c2ccc3ccnn3c2)ncc1N1CCCC(N)(c2cccc(Cl)n2)C1,CHEMBL5878728,6.279840697,525,1,552.046,3.6693,2,11
Nc1ncnc2c1ncn2Cc1cc(-c2ccc3nccn3c2)ncc1N1CCCC(N)(c2cccc(Cl)n2)C1,CHEMBL5943140,6.279840697,525,1,552.046,3.6693,2,11
Nc1ncnc2c1ncn2Cc1cc(-c2cccc(Cl)c2)ncc1N1CC[C@@H](F)[C@@H](N)C1,CHEMBL5892786,6.279840697,525,1,452.925,3.0477,2,8
Nc1ncnc2c1ncn2Cc1cc(-c2cccc(F)c2)ncc1N1CCC[C@@H](N)C1,CHEMBL5992084,6.279840697,525,1,418.48,2.5854,2,8
Nc1ncnc2c1ncn2Cc1cc(-c2cccc(F)c2)ncc1N1CCC[C@@](N)(CC(=O)O)C1,CHEMBL5997942,8.259637311,5.5,1,476.516,2.4303,3,9
Nc1ncnc2c1ncn2Cc1cc(-c2cccc(F)c2)ncc1N1CCC[C@](N)(CC(=O)O)C1,CHEMBL5838209,8.259637311,5.5,1,476.516,2.4303,3,9
Nc1ncnc2c1ncn2Cc1cc(-c2cccc(F)c2)ncc1N1CCC[C@](N)(COC(F)F)C1,CHEMBL6051868,6.279840697,525,1,498.513,3.1948,2,9
Nc1ncnc2c1ncn2Cc1cc(-c2cccc(F)c2)ncc1N1CCC[C@](N)(COC2CCC2)C1,CHEMBL5783068,8.259637311,5.5,1,502.598,3.5247,2,9
Nc1ncnc2c1ncn2Cc1cc(-c2cccc(F)c2)ncc1N1CC[C@@H](F)[C@@H](N)C1,CHEMBL6058994,6.279840697,525,1,436.47,2.5334,2,8
Nc1ncnc2c1ncn2Cc1cc(-c2ccccc2F)ncc1N1CC[C@@H](F)[C@@H](N)C1,CHEMBL5899332,6.279840697,525,1,436.47,2.5334,2,8
Nc1ncnc2c1ncn2Cc1cc(-c2cnc(F)c(Cl)c2)ncc1N1CCC[C@](N)(c2cccc(Cl)n2)C1,CHEMBL5795218,6.279840697,525,1,565.444,4.2091,2,10
Nc1ncnc2c1ncn2Cc1cc(-c2cnc(F)c(F)c2)ncc1N1CCCC(N)(c2cccc(Cl)n2)C1,CHEMBL5796871,6.279840697,525,1,548.989,3.6948,2,10
Nc1ncnc2c1ncn2Cc1cc(-c2cnc(O)c(F)c2)ncc1N1CCCC(N)(c2cccc(Cl)n2)C1,CHEMBL5909953,6.279840697,525,1,546.998,3.2613,3,11
Nc1ncnc2c1ncn2Cc1cc(C2CC2)ncc1N1CCC[C@](N)(c2cccc(C(F)F)n2)C1,CHEMBL5743480,6.279840697,525,1,491.55,3.5162,2,9
Nc1ncnc2c1ncn2Cc1cc(C2CC2)ncc1N1CCC[C@](N)(c2cccc(Cl)n2)C1,CHEMBL5923946,6.279840697,525,1,475.988,3.232,2,9
Nc1ncnc2c1ncn2Cc1cc(C2CCCCC2)ncc1N1CCC[C@](N)([C@@H](O)C(F)F)C1,CHEMBL5996064,8.259637311,5.5,1,486.571,2.8232,3,9
Nc1ncnc2c1ncn2Cc1cc(C2CCCCC2)ncc1N1CCC[C@](N)([C@H](O)C(F)F)C1,CHEMBL5857686,6.279840697,525,1,486.571,2.8232,3,9
Nc1ncnc2c1ncn2[C@@H]1O[C@H](CC(N)CC[C@H](N)C(=O)O)[C@@H](O)[C@H]1O,CHEMBL1092583,4.585026652,26000,0,381.393,-2.0628,6,11
Nc1ncnc2c1ncn2[C@@H]1O[C@H](CSCC[C@H](N)C(=O)O)[C@@H](O)[C@H]1O,CHEMBL418052,4.407823243,39100,0,384.418,-1.4371,5,11
Nc1ncnc2c1ncn2[C@@H]1O[C@H](C[C@@H](N)CC[C@H](N)C(=O)O)[C@@H](O)[C@H]1O,CHEMBL1214186,4.219807539,62500,0,381.393,-2.0628,6,11
O=C(NCCCN(Cc1nc2sc3c(c2c(=O)[nH]1)CCCC3)Cc1nc2sc3c(c2c(=O)[nH]1)CCCC3)c1cc2ccccc2c(=O)o1,CHEMBL5416266,3.954677021,111000,0,682.828,4.9689,3,10
O=C(NCc1ccccc1)c1cccc2ncccc12,CHEMBL4877262,4.707743929,19600,0,262.312,3.1648,1,2
O=C(Nc1cccc([N+](=O)[O-])c1)Nc1ccc2nnsc2c1,CHEMBL5418173,5.318758763,4800,0,315.314,3.2435,2,6
O=C(c1ccccc1)N1CCC(Nc2cccc3c(S(=O)(=O)NCc4ccccc4)cccc23)CC1,CHEMBL4851342,4.744727495,18000,0,499.636,5.035,2,4
O=C1C(Cl)=C(NC23CC(NC(=O)C4CC4(F)F)(C2)C3)C(=O)c2ncccc21,CHEMBL5435504,6.387216143,410,1,393.777,1.9471,2,5
O=C1C(Cl)=C(NC2CCc3ccccc32)C(=O)c2ncccc21,CHEMBL131199,6.677780705,210,1,324.767,3.1881,1,4
O=C1C(Cl)=C(NCCC2(O)CCN(C(=O)C3CC3(F)F)CC2)C(=O)c2ncccc21,CHEMBL5406268,6.698970004,200,1,439.846,1.8994,2,6
O=C1C(Cl)=C(NCCN2CCOCC2)C(=O)c2ncccc21,CHEMBL337173,6.769551079,170,1,321.764,0.8328,1,6
O=C1C(Cl)=C(NCCc2c[nH]c3ccccc23)C(=O)c2ncccc21,CHEMBL340219,6.346787486,450,1,351.793,3.2246,2,4
O=C1C(NC23CC(NC(=O)C4CC4(F)F)(C2)C3)=C(Cl)C(=O)c2ncccc21,CHEMBL5411172,5.835647144,1460,0,393.777,1.9471,2,5
O=C1C(NC2CCc3ccccc32)=C(Cl)C(=O)c2ncccc21,CHEMBL5408020,6.346787486,450,1,324.767,3.1881,1,4
O=C1C(NCCC2(O)CCN(C(=O)C3CC3(F)F)CC2)=C(Cl)C(=O)c2ncccc21,CHEMBL5397204,5.89279003,1280,0,439.846,1.8994,2,6
O=C1C(NCCN2CCOCC2)=C(Cl)C(=O)c2ncccc21,CHEMBL337520,6.30980392,490,1,321.764,0.8328,1,6
O=C1C(NCCc2c[nH]c3ccccc23)=C(Cl)C(=O)c2ncccc21,CHEMBL5428630,5.640164518,2290,0,351.793,3.2246,2,4
O=C1COc2cc(C(=O)N(Cc3ccc(C(=O)Nc4ccncn4)cc3)C3CC3)ccc2N1,CHEMBL5200945,6.982966661,104,1,443.463,2.8646,2,6
O=C1O[C@@H](C(=O)N2CCN(Cc3nc4sc5c(c4c(=O)[nH]3)CCCC5)CC2)Cc2ccccc21,CHEMBL4860876,3.879426069,132000,0,478.574,2.2893,1,7
O=S(=O)(NCc1ccccc1)c1cccc2c(NC3CCCCC3)cccc12,CHEMBL4864181,4.899629455,12600,0,394.54,5.0629,2,3
O=S(=O)(NCc1ccccc1)c1cccc2c(NC3CCNCC3)cccc12,CHEMBL4847094,4.991399828,10200,0,395.528,3.4822,3,4
O=S(=O)(NCc1ccccc1)c1cccc2c(NCC3CC3)cccc12,CHEMBL4857152,4.970616222,10700,0,366.486,4.1402,2,3
O=c1cc(-c2ccc(O)cc2)oc2cc(O)c(O)c(O)c12,CHEMBL55415,5.576754126,2650,0,286.239,2.2824,4,6
